User,Events
1776192,3025444328 4078218285 2972428928 2877501688 1823369186 1024025121 2514143386
5161061,861989233 2169802745 319129729 1926865450 737935339 2098674667 1538046875 2027962693 1652007005 3272920269
7336598,4125420656 1980837904 1820029797 380501274 1501679119 2428145712
7514340,507707719 3841392405 854823005 901144614 2696649330 4134671058
15390083,955398943 2529072432 2643833505 907302600 771676713 1361307272 633659090
16454810,589257919 1779618386 761140108 968434069 2006570293 665321720
18236457,2077156568 1703679230 3004007968 3553950281 3214494361 452781702 2353399295
20018153,464565286 2053692105 63412025 2410772923 3592182997 3583332424
23465780,955398943 602394192 1600413013 2529072432 3017074183 2414358105 3807695143
30355949,955398943 2860418664 3404987729 438768882 4294209504 661460159 1773230862
33509612,1860511950 4203627753 966971643 794450376 2428145712 2668074570
35565661,652541886 2139975650 3655418763 2036167774 378408397 275437483
37106093,2198898969 2692070381 3931717290 3336783567 1617391894 3306999925 4096532695
38395056,677485601 1278585786 3252432592 1580455386 3415281246 200617654
43826519,680476316 4205267137 1788874248 4292059849 605300738 4229681081 2378630297
43965236,228340462 1900273727 2923175068 559618821 2806565970 4082601014 3395117104 2725164213
48222018,758289588 2163997791 496131340 2489566262 2347297427
50521271,1070478164 982322965 1570912780 3211023626 1927775201 1667438718
57783108,2860418664 2529072432 1600413013 861118590 1143513079 3275248026 3735036412 1858978872 1872379613 1082833698 2355400133
65116502,2810232094 4227721355 4264661415 1966347593 1467809542 894829625
67355582,3218113289 2740101266 3501300823 1183309937 2975829844 3611646220 3022995002
71092144,289899674 3494003218 3735036412 1319656469 3676729604 1458428999
73830292,4242816413 130493588 2051603944 1613671569 3199229320 3790866767
74368740,3886183264 11077318 435473446 73584564 1801175686 2090317215
74504185,771676713 1361307272 2529072432 2643833505 955398943 907302600 633659090 278651783 1148012652
75001773,2621315686 1892018889 10609218 1716470668 1902753965
75436593,997929928 2653923514 1047967283 4172382349 934970634 3033694655
76313799,1203717384 1469291456 2149464820 268233790 673098017 2642707561 1269035551
77627621,2429151401 3258757385 724969489 3258757385 4269687196 3826292515
80365330,218221722 3302719635 559618821 2431677639 2806565970 514153585
81053968,2153037761 1544421101 3289683998 3963798906 2465528861 1767325091
87299174,3789029184 3680209340 4002798045 1271330281 3819567837
92401917,949540452 2823343043 3472004495 2108188468 693857041 1423412400
93148987,1600413013 955398943 602394192 2382247676 518477191 3326401128 2235632935
94142526,990256291 2757258727 467130966 551112142 873255426 1356197621 1545194399
96920130,1776393554 2628680570 450130761 1241270051 2429675854 615488222
97062150,2498491194 3849306291 3950589515 2073609284 268233790 2007279414
99141124,299139894 392383010 2803078645 3488277311 3180156897 2953583082 2724941310
103955826,2643833505 2130616732 3949611603 3726270158 3581275802 178831464 424521338
105347632,2182496817 366857842 2679521343 186107339 2708627209 2626832189 3525619764 1767661989 3376050735 1558280207 738076221 3892571955 2257585691 4001241592
109457319,1600413013 1532377761 955398943 426902061 1832462541 3632072502 1044854627 2776566965
110128780,955398943 2529072432 1390707377 1532377761 3565166403 3855266116
110342379,2130616732 861118590 633659090 642644408 3770119781 982153847 3295999782 1530709861 784509544 97217712 1641491432 252563955 3183605169
113021847,955398943 2643833505 2214347761 1334001859 278651783 2389263741 2933717037 424727744 1604908519
118243744,196924436 3271725028 2816622892 718107120 3731778741 2755327289 259600765
122743553,152418051 3922290830 1528500344 44607617 3281130769 1845786756
128581247,2153037761 3754394539 3022634670 498238691 4219761316 1386404286
130441156,2277754128 3251218411 642907744 1810485930 2856764723 1012343640
131621903,1788874248 2873249283 2218325768 1731351853 900803265 2509086570 496131340
137002204,4125420656 3251813967 1501679119 1718413929 2428145712 1812117472
138126692,312761834 952519340 1587116147 3849306291 268233790 3048578499 2007279414
139480407,955398943 1532377761 1779648453 4260484947 1993111201 3802870894 3632072502 4123796524
141849067,952519340 3849306291 268233790 1269035551 3048578499 2007279414
146035325,2906696294 2153037761 1520335024 3470999302 3113660150 486546531 599395378
147627126,4136385770 3488779034 2698678033 703370904 3504788955 3702049129
149914134,1816813281 1076364848 2498491194 3849306291 1269035551 2007279414
151534919,2643833505 1361307272 907302600 2133183406 4004100709 3913403716 2401458775
160230482,952519340 2498491194 1076364848 4244463632 3776957253 1902753965 3309338938 2149464820 1269035551 2007279414
160673392,702971420 1448086840 2803195749 3343711990 1133385189 198166767
166773493,1844176380 2149464820 268233790 4080944038 1269035551 2007279414
167608261,3229573153 2132888830 3680209340 1838843061 4002798045 1271330281
168520465,1425335642 2130616732 633659090 1212947698 3429508261 3047285147 3263622673 263253434 2490603461 1133385189
176349030,4224104772 116205891 4133637044 3575536012 791187416 2824762134
178408585,2803195749 3249170164 1427467626 450130761 2120779072 3066409179 2479111332 2628680570 1699561506
180191037,2520708953 2491497470 746497547 2139851240 527677263 987194908 442600417 2580599648 1340225642 3611020962 4250174466 3267801312 3555408068 2171670615 3464625870 3375367183 1656059935 3492796375 517636552 4057581717 1300982397 2827721613 1690995478 2586617318 1049315016 2241189246 856829354 4275430082 4241740470 453613647 1035926205 1487776549 3153590943 3342533717 1287096175 105414247 3260635116 3989395314 144836311 3663077452 273902811 2718272622 2286605851 1745394194
181961047,699952923 4142448875 364572656 990606533 3928440935 4036898534 473090869
182290053,955398943 2643833505 2529072432 2130616732 3731940597 2401458775
183980147,2905904014 628034280 638380151 1710908750 4195311930 1677917066
188875346,1488068589 3863879024 146533907 2806565970 3045187509 559618821
192951763,2368083210 719337372 1205670273 3626560268 2259285302 2927716511 1527128646 1154762179 1641491432
195055182,460112184 2438057172 353933726 2913407142 1466704967 2829598154
207382248,4190936606 1219797368 1252467098 3424643087 2178346412 2700675460 457574593 3315807711 3770158409
207614139,1941775540 1258222204 2689936663 2057236313 422777830 951253136 2847457373 870899349 1748949720 188202951 3523548061 3218113289 3073190206 1421721293 2374301539 446911604 104070 3631925742 361866379 882329142 1397515488 2411388169 1128270383 2384130097 3305677128 1427701461 1507489572 1051329292 2671682966 3323741493 3900897464 3338909495 3084875554 610427555 4217652951 2378205890 655514048 910713526 4007892577 667664881 3628169071 1506510838 2896451394 850932284 627952525 4200813892 2680798411 722924797 2090096046 2485173442 4041957671 4092123930 3251235057 2006849293 4097912049 4170509642 3208056309 2878945881 3870329460 4275430082 1035926205
211046503,4203627753 152418051 1845786756 1859823732 2352676247 1922937308 2993316611
212922688,588161010 2923175068 1776393554 915403718 1060275544 3779243813
214127647,843844488 2246509963 2374000439 3576964854 1553171836 536059045 3232226488
215509633,1201353948 2453084502 1942535569 2095651101 3964744624 1665697394
216180088,4227563271 2130616732 633659090 642644408 1620441934 2569748465
216475936,915403718 1776393554 2916384076 2120779072 3395117104 2628680570
218125888,1352928000 714391510 2473561029 2482084054 2374825098 1960313393
221717938,2626284779 3708050271 455681982 173873072 2724704266 670911742
222319155,1816813281 2528133963 2445964998 810618772 1269035551 4070745483 236468864 2007279414 1262111436
223257533,4232519602 650745497 1597380017 318178573 1845786756 989190365
223726744,4014751562 324581869 53377121 3388406764 4024909366 3570065282
227195072,719337372 1332759137 4200394007 2627346430 1390707377 643346765
227629516,137370544 291670090 4118034742 2139975650 2558187761 2193202466
233871977,1900273727 2913407142 2415873572 2806565970 3846588922 110436673 3135302883
237595480,3691099181 3352558065 3211583806 798216299 3830149886 3911584808 2098413475
240047100,153563227 4084837460 1960796894 2779143636 3751052678 2286605851 463677310
242737714,1061411905 1100158098 2695404171 4219250662 1486375750 601922837
253594379,52238789 3643219070 959956049 753115138 1771863286 4002702641 2126954914
254874841,2484041898 4070118191 2246530176 1182519871 800817451 3984402070
256035140,771676713 2643833505 907302600 1752177173 3868972599 2401458775
265212492,2643833505 2130616732 2529072432 907302600 955398943 730958187 642644408 1332759137 1532377761 1390707377 3868972599 1242409753 643346765 2490603461
269394305,829096016 839969661 2415873572 3686258067 4201499448 353933726
282335733,2460469485 389352533 2075203466 1819771813 2081433153 1757785738 3631375832 3282413042 1498021187 1498021187 2952103933 2818297089
282865908,2956620650 491217075 2692716579 1542554878 2639713154 1529892177
283032695,952519340 2073609284 3950589515 782683695 3048578499 2007279414
285396757,965900163 62454085 2355645674 2437756221 1444394097 1447796967 1397855471
293229720,861118590 955398943 2529072432 1471140446 3735036412 960369551
293887296,3480624055 3601196821 1196882187 1255629030 2279603197 2175450462
308413891,1597380017 650745497 3984042837 3339219031 1845786756 3433414618 2668074570
312929114,3771678348 2677373659 1014040686 1619124698 2434392105 635082373
316066613,955398943 1600413013 1532377761 352751137 815464504 2142755647 1044854627
320069736,418356174 566911676 330901309 382018152 771191112 1969654251
320767777,2153037761 953356488 3557047071 2526340332 3663891590 3331152144
322208106,1733693317 587628640 893326926 3355635947 1771863286 4093453508
324467789,1361307272 2529072432 4058794884 2490483153 3352525870 2977166421
332906681,2292989534 65967887 2457518837 2876312334 25712446 1383961059 496222761 1953910932
352560129,3213069097 695330828 2625858033 2615982486 1680782785 1468625690
355445705,2173608003 411244492 2781631934 2178047697 2491808242 1267505164
356982085,2498491194 4244463632 2073609284 1151525474 1203717384 2007279414
367845178,2498491194 1151525474 1203717384 1902753965 2149464820 1269035551 2007279414
369085214,205658920 278754212 680133573 2588481601 2272220944 3857059746
378788595,3950589515 1451401793 3849306291 268233790 1269035551 3048578499 2007279414
380985803,3103100779 3849306291 2149464820 268233790 1269035551 2007279414
393556601,2521530848 511414715 1909674835 4268612133 1311175038 224130184
394596900,1516435079 2463095611 3403063185 1329734614 1487572967 3735036412 3355352784 999921036 3334994462 1872379613 1361741648 3502397803 3600661659 2164892567
395260483,4125420656 2168553474 899234866 675888033 4203627753 2428145712
396008921,1205670273 719337372 3359524298 2338976654 1689486051 739617054
400629571,2532840945 1572089933 3656509214 249613929 3095369567 108743814 1586739051 1525583872
400738124,2434297340 2104037286 2754334442 3791528158 3236930768 810563397
402625828,2168006553 915403718 1448086840 867618575 2979828712 2398475187
403920458,1853069366 697614185 3925067644 3352427003 3476820940 2401113510
404226314,1205670273 2652503309 3929507420 2218325768 1731351853 230117918 496131340
423190387,955398943 1600413013 2763790767 4253067577 1532377761 1092072561 1044854627
424866781,2262994085 2529072432 3926022702 955398943 1390707377 1532377761 3632072502
428619631,3858223520 3565166403 1205670273 1028836917 1395640727 22235632 330268607
430443066,1673895160 1471140446 1003581545 1773230862 2618739853 2645454646
431992802,1482566945 1181449211 3222968781 4128174743 2659763559 2753607556 3385444012
432362044,2476622244 3977593907 2391976137 2584922845 3403133817 655973227
433510318,3103100779 952519340 4244463632 1844176380 3309338938 2007279414
436276762,1076364848 2418142030 3849306291 673098017 1269035551 2007279414
441120644,2689439975 3730940322 3194920967 4205761284 430455309 2662849125 3737890862
442080465,1076364848 3776957253 2549322104 1269035551 2007279414
454881517,3830416827 719337372 3875231517 3254991059 2338976654 2279381833 3523215136
455279111,1802112841 1774186113 1988626107 1085187036 3643976476 3505964751 703064173 2724103445
457159668,1205670273 1948173913 2811328031 221202458 2689622376 1635880727
457456094,2994891113 1728390960 4158859973 753115138 2126954914 3691092140 1886452892
460024134,2856764723 3399301092 955398943 927649908 899668139 3417330881 818027743 620729001 783839520
462450211,186124210 2477995738 3950787980 2860184053 2534729330 4194316975 4131245770 2320194649
465739517,2379766619 1076364848 268233790 1933542442 3526163305
469116393,3491186803 568700686 333290432 2042699691 1693723804 1744782612
473558899,1270020700 1076364848 2149464820 1203717384 1269035551 3048578499 2007279414
474339142,3378996021 3403063185 2415873572 2717151070 4183789134 3528817063 2530774373 3130359578
483141559,3187773396 2303635604 2143656308 3581275802 3601943023 1101073006
485626279,152418051 4232519602 1845786756 1922937308 1421210499 989190365
487468823,2490233992 3920130677 2029179615 3731945988 559618821 1283564583
489332113,1533039925 3380616735 1524039717 2536770547 3762897868 3856018417 3194641622 2692655173 3863201568 1396819417 3026103760 129433063 4220107080 3095347558 1805425126 3687051315 600370874 3826153788 1631290673
491496715,3680209340 244220291 3061997378 3789029184 889048145
491840802,1801025265 1211578449 4280897548 4072954907 891266900 25927492
498762190,1394911305 1549968811 1448478614 3799396636
500590864,4087098830 268233790 2345395514 1203717384 2149464820 2007279414
502787831,152418051 1501679119 3841472085 2428145712 3984042837
504326263,2471195693 3320505228 745914541 2920431298 3790866767
507590029,2153037761 622003251 2978312627 93291131 745914541 87962584 130493588 3199229320
507841367,2422059390 2193505055 3437341442 2092805628 585602638 4002702641
511678471,4163453351 2608367718 1764873344 313343082 1261820355 3932617564 4006924083 2936461848 1600413013 955398943 1557387709 1138354613 2601678976 1578063348 1159109322 2839787601 2437630462 1583917689 1995705410
513061191,1145767321 98243387 776270146 591309308 3227007422 3581193856
515293671,738484716 2169511921 2374268348 3345954341 4058800014 1270937556 3941967194 668426704 222208452 1765518101
516201949,1488068589 1900273727 2424242179 4201499448 2806565970 3501509607
521412534,952519340 1076364848 516796945 1353065742 1269035551 2007279414
521893181,1281642334 3899655467 438311948 1548231595 1634994103 4219488434
524529500,2755536008 2767814706 177193417 176458041 3964060639 3863879024
532014578,955398943 2529072432 1600413013 602394192 2776927174 2153348068
536673024,1488068589 3581275802 1466704967 939765972 2120779072 2645301517 3395117104
538998251,236468864 1940265937 724636212 572783070 2232765899 2567184413
541187878,1721071411 3454922346 3454922346 3643257179 3643257179 1333560242 1159050153 1159050153 1333560242 3335153331 3335153331
543735376,3302719635 3692401116 2795993128 3480624055 4140154751 1914791953
546007936,2529072432 1600413013 3359524298 2873249283 955398943 2763790767 1517488130 2774259276 3314895954
547127090,2970420751 214368201 1672450656 905634841 86565862 872988283
547302435,4267869375 1752177173 2865762984 2915662989 2746202243 1128274822 440098296
547476091,2227701444 2183498812 4217931794 1234490218 1915380946 1983407490
554693050,152418051 383607907 1116367368 1528500344 3144013743 799782433 1597380017 44607617 3281130769 3645508095
555727671,1361307272 2529072432 955398943 771676713 602394192 955398943 1569838328 1641491432 711611185 1390707377 1532377761 3632072502
559905447,393162138 131920762 2671865684 3256009463 4021275605 2803195749 2415873572 407061424 3968395368 691689316
562762742,3174177804 1091316601 4133446399 2053603846 2121427459 179656397 157721960
562786011,2643833505 955398943 1600413013 97217712 1530709861 3183605169
567536219,622559859 1784859939 3191079645 1476247853 4150303789 801956327
569486651,218221722 843570927 1494513322 3349548561 1448086840 2806565970
572449222,1133385189 1695480317 1427376534 2633697384
576889228,952519340 1076364848 1203717384 3849306291 1269035551 2007279414
577206982,1677232588 2980258101 782675480 2730145834 372011842 4192218834
583119832,952519340 1076364848 3849306291 268233790 1269035551 2007279414
587750031,3791426953 3321733695 1660105886 2564031643 3435033871 1547028922 2706390147
588243849,2450977738 3586716479 3316899955 2320364565 2544203918 757304272
589386328,2529072432 2507341919 4156197678 3705934603 1075725585 3057888073
589868615,1428217058 1272683540 2363524424 2678142390 1301375747 3392685835
592689052,2529072432 602394192 955398943 1600413013 1518530087 582672945 3342862156 2452199743 3875424137 2235632935 2528115823 1862794029
594741805,1205670273 2338976654 221202458 2193311387 1215834685 3648914854
599785185,2803195749 88942214 196335814 2131811948 4140154751 1914791953
601185173,952519340 2417896230 516796945 1902753965 1269035551 2007279414
602148753,910169576 952519340 2073609284 3849306291 3950589515 2007279414
603202352,2952486098 1320887529 3381657063 2937430689 882150572 1093614806
606767550,955398943 171025395 1674888438 1584496408 4188214514 812516824
607394331,1450715141 897667289 2435374903 3515598845 294664137 1857900197 119750609
609504174,1076364848 3776957253 517558243 127757681 1269035551 1902753965
611059554,3812153136 897667289 3329773282 1222992905 1441699239 2899306830
611791560,1518530087 2125679242 2384544175 4162137499 1556475107 4112975226
617013723,416081328 1237174145 955398943 4058829330 221202458 897667289 878979384 3857673752
618158373,1448086840 1223420734 98978060 2458488006 2354857659 414842182
620761021,1816813281 952519340 4244463632 3849306291 268233790 1203717384 3048578499 2007279414
629450757,2529072432 955398943 2605913428 2093319113 3655295959 1155472355
632808865,369518307 2663939214 3149276646 3122144172 1007958512 1436244041 4231864079 4099353109 1179651886 4021003478 1436244041 1777515147 2763545469 2845303452
634885878,240779043 4138736243 2501395085 1656987460 566999193 2576330471
635387882,2025136511 423625913 1953860425 1090232199 1214944988 3926217735
637288269,3194427881 211705000 1368421884 1270187219 989778450 3536174216 82067590 24198566 1113399408 2184211588 4060638267 1102811972
638210143,2119230408 2922254733 4034103347 3908056289 2251550828 2424645360
639318962,2745787469 1713695535 763000217 310352532 1638217350 3360357269
640531312,3103100779 2498491194 952519340 2073609284 2417896230 268233790 3048578499 2007279414
640550522,3010455159 1900273727 2415873572 2900759497 2389263741 2806565970 914475803 354604902 650834187 97217712 2497077318
645859586,562418181 1357625745 3992564419 275278465 1720927892 746553995 4279419003
648323757,2337118881 15160790 2325542576 1068825763 1724912572 1140450948
648889363,1205670273 719337372 3254991059 3610629096 1421349430 2224313777
651367901,951253136 887883465 2835968684 3208240371 1993452587 314870193
654235318,2986124911 1081122807 3501620432 2490603461 3557752126 3183605169
656664529,2529072432 705007381 844299203 2763790767 4200394007 1517488130
661907327,952519340 2498491194 2149464820 268233790 1203717384 1269035551 2007279414
662608699,533036818 2987370835 2687062464 2616539931 2923324245 3432310055 3895533864 1644825434 1441829270 90454601 3598658828 2688159351 2456916148 2919165814 3089753442 1883524093 742353739 402791862
662922355,595302748 3524825540 3319862596 3933492324 2559837086 3038741300 2703345903 2078051662 1748236069
665747414,3761092488 2167106569 1901044782 2305662938
666374166,3628957138 786960145 205295897 2407779614 1944996876 4147201367 899115709
668160678,3590775294 3759077194 2381400760 3527259407 2646392315 1733435510 1973598569
668356259,3293018394 3779036237 3572440355 1296215153 3887489328
670504249,1769873692 1635880727 141146193 2412119621 1948173913 629780337
675129768,2237504401 3735036412 4193610911 2872892494 2073622327 3793544347
677676622,3793452317 1587680670 2803195749 3876947098 4140154751 1148695493
682630586,96095826 3267243828 4065180308 3267243828 2120812238 2289794388 2120812238 2289794388 3178399381 2379329185 3542369980 2686956646 849041503
683588589,3359524298 1502284248 2373204206 3312755383 3980859647 970593998
684722612,1488068589 559618821 2652552299 2262994085 2212943097 140337530
685448397,1076364848 2149464820 122289878 1269035551 2996923495 2007279414
685468996,2717825157 2971070181 2221840547 3634650435 737023160 3151112796
685933857,843844488 3268675447 2661533426 4261753049 542538548
687595500,2761684874 1232655838 622943286 2301324542 1170318717 427450245
691313196,1287884858 2115491671 3327259603 3400311907 3864843980 2465528861 179400585
691612308,727153687 3698848785 226975938 2489566262 68667425 3519001045 1801721571 3394798379 268669105
693535188,952519340 1902753965 1203717384 3309338938 2149464820 2007279414
693819894,3920286067 1629910947 110980591 1241270051 2105109527 321086300 1699561506
696967670,4018813378 3692401116 2803195749 3302719635 3768450121 3968395368 2699244401 587250937
699420462,1600413013 2529072432 955398943 719337372 1641491432 2782403445 1532377761 1390707377 3632072502
703001700,3830485621 2976972203 496131340 655841147 178719942 178596290
703937963,2643833505 2130616732 1148012652 633659090 3982608480 2929868541 1332759137 3253541195
707928734,4136385770 2698678033 874395659 3728988828 1460702001 1935879458 1444394097
712234221,1205670273 480878599 3929507420 3720373392 3027652675 2509086570
713380351,422504591 2475891235 3188133088 1834011436 2315973008 1235652015
713889887,2043455253 741936389 1776393554 3807386691 1095206162 1699561506
717731951,1397608202 2861164727 94072781 1838681075 2630934781 321987515 1983075438
719203242,1573313355 2132445355 134992377 2986124911 1674506754 2401458775
721089780,861118590 2529072432 955398943 1600413013 2099424186 3735036412 656598905 1361741648
730373215,3103100779 2149464820 3050850143 1269035551 2007279414 1902753965
741804596,2976928477 4192985078 1741520485 3695530032 706678111 1807765078
743705823,662043969 2333203361 1773166853 4010465283 2530285484 894709654 3589430405 1852859019 3548695965 390684326 2644800408 1687011434
745331470,2066686477 626740748 2832383844 3706170359 1490707668 3307369997
749863583,4193610911 1602227394 2090707728 3609940860 2618739853 3177059558
757499642,2529072432 955398943 2763790767 1390707377 1532377761 246499579
763615925,2676420396 818179591 3786050577 4208179401 1598393308 705656477
767269269,3388135408 480878599 1731351853 3711929027 4005157099 3404457955
770336801,1270020700 1203717384 2149464820 1272961219 1269035551 2007279414
771577243,3973045872 2031830745 3582524764 1902753965 2117720965 2621315686 1465884852 3901590670 1695649532 4033110333 1750345998 798676219 798676219 3769856229 767327872 2750813527 2750813527 2408466472 119334177 4070745483 1684651848 2136330239 2136330239 1262111436
776025327,2218325768 2224732799 3102893459 3334704715 1304578765 1859112770
778295633,1076364848 952519340 268233790 1269035551 3048578499 2007279414
779605206,2245572941 600512901 2305689987 3944936421 4024629150 3757379540 257054742 3846957590 3181549607
780238213,613668540 2630636210 1625070066 763977262 3411880387 2338670339
781002123,3075323799 1662125407 506752732 3899151655 4099858050 1538479937 3964090684
782865887,1568405953 2046854471 1179651886 426166781 3668560930 1406993074
786844289,1551669059 1113038458 1797539974 474836054 4270139223 4249956372
795601011,2258735616 1084484301 1909674835 3260635116 3612456671 2024657740
801374963,3258819416 507144748 1919281202 1659188708 3446902030 480523741
802688704,235476646 804619862 3206828033 3520307709 2670583521 720575893
806246894,1816813281 2149464820 1203717384 4080944038 1269035551 2007279414
806278943,2141807420 2979120733 3017912486 191855551 3616067928 725381690
813611885,2988315064 3413747696 3619627962 102886106 2532068732 2792940011 549564247 679447655 153355426 1137824063 3708212410 1972100454 3442103541 1146130134 1869445239 2129918320 2436304773 1206835239 2036538169 2704757206 2956336268 1862970065 3693396474
822628520,2556346032 609703506 3431779223 2377877379 1071245956 2396122429
831595223,3741067141 2928497983 53942731 3230602528 2282291531 1379670967 3387519234
840892479,1217700763 2677589486 3513514173 2898331095 3684827284 173050491 18463055 1051165850
840945029,955398943 2529072432 3565166403 2989916614 1532377761 1390707377 402802379 3632072502 801531768
844324358,1333077999 3831661369 2430405430 1738149624 3577726402 130911918
845573336,1940265937 3860304218 236468864 2232765899 2567184413 1262111436
847928412,1116079728 1595241082 1210231744 3771339943 308894612 354110604
851286067,2912359758 688975255 1340479010 1382852410 3770815990 3000227659
852034251,2293179650 229205347 2479922984 3218575152 1366149703 454719225 4102873083 2616226908 4102873083 2312345356 1097776174 3911584808 1560792011 1542626495 1542626495 3156343505 3697286181 2301827443 1560792011 1716904407 924928769 709630785 2706302320 709630785
853126462,955398943 2529072432 67447356 3275248026 441988435 2867164384 1155472355
855146601,719337372 1600413013 2529072432 955398943 1641491432 1390707377 1532377761 1044854627
865750173,2828969498 3047285147 3920286067 462519665 1497739820 1696863642
867285031,463936882 4014449816 4172170403 1221193633 2842298652 1547325648 3832253163 2151053813 2977770201 3430641796 1734883207 3040656299 666781614 188505465 1638236770 2117304684 1434358511
869928463,3812432743 1043501802 3566934113 2393389779 1679182061
870307659,2531947768 3804379416 357498428 3396830170 2439597708 2042878904
870439648,2114371180 2229290530 1110856401 4002702641 3978584303 940902684 1481265243
883614923,2115491671 3713495962 3864843980 2762356638 3289683998 2051603944 1630022509 3790866767
885331957,2509477415 1649692139 4215173213 1162004917 955002198 2992630849
892435980,2693701979 2803195749 3302719635 692075109 4140154751 4203274592 1930461491
895953294,2923175068 4082601014 1776393554 4140154751 3779243813 3395117104
898118729,613942852 3429508261 4193610911 1556475107 426238334 3250536690 3177059558 4207887432 2284016273 3177059558
900914043,771676713 3429508261 1361307272 2529072432 955398943 2590934028 820281725
901207935,955398943 2529072432 2643833505 907302600 2130616732 771676713 4249304663
901444265,3427185275 582973300 2016018694 641209622 2078647608 511502799
909725785,2442660214 2587616435 2073609284 3425809914 2518909170 1151525474
912344156,2938206150 2822187055 1241270051 1850381877 1992961977 3158637961 1427376534 666750527
913508761,4173740423 897265684 1752177173 4055349094 3710884082 1868735086 1455527953
913890035,1264021736 2149464820 1269035551 3309338938 1902753965 2007279414
915901561,3876947098 3920286067 2120779072 137663137 176825314 1699561506
917166122,3971284129 4089322861 4209606131 3785806105 1982116608 1965364019
925496510,4232519602 1116367368 1597380017 799782433 2428145712 823015621
928375715,3056409797 495695213 1195561593 1391233886 2823969115
929368698,3849306291 1269035551 268233790 127757681 3309338938 2007279414
929841430,2803195749 3807386691 1549996522 4140154751 1914791953 3797370417 1204312045
934944362,955398943 1600413013 3382385081 2716503088 1498254766 122777568 1770049890
938766697,1600413013 955398943 2529072432 861118590 3985899647 2714222740
941192286,3047285147 1254034379 4259189014 1133385189 3276213471 3066409179 1963354961 1716570408 3478765131
942095316,861118590 2529072432 955398943 813808366 806826749 2002146936 1092072561
944897662,1451401793 2417896230 1203717384 4080944038 2149464820 2007279414
944898886,1532377761 955398943 2529072432 1390707377 3632072502 1645436499
952121162,3485562613 4075722631 2093282303 3123645626 4119475665 4127802244
952689028,238236954 783438771 1143671570 1867718138 1891264305 2763121514 3715949348
954469709,1446341316 2695898547 2830983643 1491066879
964184183,622003251 2895151976 834360181 2235916835 1511862915 2465528861
968336394,415360329 549024328 3738288081 3485904262 489688963 1199170498 2422202663
971572498,952519340 2498491194 2518909170 516796945 3950589515 1151525474 1203717384 3309338938 2149464820 2007279414
975501999,4125420656 4203627753 899234866 675888033 679700922 2428145712
975885955,910169576 2498491194 2073609284 1203717384 2149464820 2007279414
977456993,3833592318 1989853635 3982566776 1294070735 4216404157 3268726556
978642210,326664129 1488068589 739733335 2913407142 2806565970 2645301517 1306373360
980154606,1951437492 1370289455 4161589806 2715216804 1116957623 2108188468
981507216,2529072432 955398943 1390707377 1532377761 3632072502 1092072561
983219028,2508555495 2829792984 2863044222 1612428848 585101277 3509870432 1788118360 1224985099
985718337,3103100779 3849306291 2149464820 1203717384 1269035551 2007279414
988874074,3425809914 2073609284 1902753965 3309338938 2007279414
990507785,779843977 2328060612 2132888830 1838843061 121419074 1271330281
995064362,2476622244 3331390995 4125754193 1563973355 656688286 1334367841
998215810,3030832826 1288074648 86253389 2984524106 4055585686 673997250 1689486051 2094952127 1731351853 3597634538 1596190412 496131340 2031310974 1117787573 1389088809 3067996970 3681790556 268669105
999268198,364572656 2794260340 2415873572 711904904 691970985 1064885201
1000066358,152418051 383607907 3984042837 1859823732 1845786756 2993316611
1000773879,775500559 1985315989 3433938884 1584205731 874026111 3495214785 194439676 2597085367 2385597850 3383737148 858322877 1500885104 1374330612 4201530293 2045110309
1000957666,955398943 2643833505 2130616732 1845982132 3429508261 635799819 3349548561 2401458775
1001062210,2325542576 2766425759 407061424 3773519709 1159701801 478399061
1008276324,3472930517 817046735 1446608996 1114350408 3390105219 2275514332 1627365362 1243481310 1580455386 782675480
1008861493,4136385770 3386743210 3488779034 2698678033 530307239 343535409 1447796967 1160515735
1010701404,2237504401 100731276 2164605953 303459881 4161762683 2042242482
1013594520,97217712 955398943 3554433899 1370244570 3183605169 1926015481
1013893828,1170338316 3888550683 2995863084 3029364681 1699561506 2460468313
1019226310,786670004 3681999765 588161010 2464444877 4082601014 2186245955
1020875748,3174177804 679642227 2408736353 344964080 2664541493 3288650677
1022813953,2286155514 1575588609 2354857659 2035908534
1027602768,771676713 1361307272 2643833505 3184899378 4249304663 2401458775
1030564391,2385047306 1034336461 1856036186 1369439354 704244113 797378040
1034249941,167252762 769820406 1964407998 3050850143 2460957668 1140866581
1034862978,3569123252 2329959118 2642707561 1465929077 1633415039 810618772
1038960564,1548928340 1241270051 1468446505 4198698180 4000251470 1672363370 3563504832
1039053975,4273083332 408534627 3405035331 1857156364 477878289 250325568 865179235 1406077007 2452291959 3116354511 1232039292 284842341 1519693555 3084061084
1040473939,2321880279 2284893483 3247577480 4186611895 2264207621 2407493983
1045779976,2529072432 1600413013 3254991059 955398943 2338976654 3539781329 1154290723 3855266116 3314895954
1049146719,952519340 1076364848 1816813281 4244463632 2418142030 3849306291 1269035551 2007279414
1049481453,3388271263 3943984458 1545807185 1497621048 3926229879 3274131825
1049843964,3812153136 3026366413 1408515227 2088284484 2693086474 1764873344 4053956936
1050303296,740269154 4125420656 4203627753 2168553474 675888033 899234866 679700922 2428145712
1060099431,3712070556 1853435067 3309338938 4080944038 1269035551 2007279414
1060988803,3100019876 2515441751 1203090081 3788896966 216378107 4032688818
1062984942,3118576636 498238691 2708122190 2165261948 2824024899 426403871
1064453408,3315486330 2411120646 1390707377 3300948291 2077865887 2142755647 986099040 572892424 3632072502
1066251866,4021240345 840735277 3248049500 600398738 941988517 3990432120 3412307751 319112058 2900101189 2188481598 2144847927 1175479323 2926120767 4058857647 477591068 1008195877 434091691 1068118073 255609235
1066372954,3275248026 2901008831 1773230862 1155472355 4038388081 3339637743
1068430193,2498491194 952519340 3849306291 2073609284 673098017 2007279414
1069845555,1060035659 3068622773 3842503102 2674105773 238236954 64255702 2105385171
1071963586,2073609284 268233790 3309338938 2149464820 2007279414 3048578499
1072640827,2693999668 86549210 1628506913 4061182012 2461534851 1991249255
1073188652,2529072432 3232053960 1329734614 1066708183 3198275968 156790944
1073519980,1953992165 1449252371 341636399 1984807525 67667689 3496304945
1078537007,955398943 1600413013 1425625542 2394399969 3838044081 4289340738
1082691947,3569452467 94614992 3370398075 3680303526 3416872382 288275775
1084319722,3304691824 692075109 1371103064 419532466 2639741116 1047008495
1084997316,2608868276 3180988532 554178639 1683297114 730938870 2024782884
1085490219,3227214137 364572656 4027440425 184937051 2808933304 1256273578
1087870025,1776393554 450130761 2429675854 2354857659 3049478456 3183605169
1091610794,955398943 2529072432 2130616732 907302600 633659090 1361307272
1094788037,1076364848 2149464820 1203717384 1902753965 1269035551 2007279414
1095850255,705007381 1679095679 2345709954 650247487 3698848785 843844488 2627817703
1101972092,587628640 1444583217 1580455386 897667289 640279319 2805037878
1111951186,955398943 3565166403 1120641064 2142755647 1532377761 3632072502
1112792616,821546192 721858430 633659090 341911370 1919281202 2118802492 1359710437 1695480317 3968395368 2536189879 1500022724 229928069 2001150138
1112899728,955398943 978829373 3637523569 645163767 572892424 3838044081
1114548338,2529072432 1569838328 771676713 1361307272 544580953 2554291574
1115995297,2529072432 1600413013 955398943 2793561755 2717718620 51076977
1119929505,3764710330 494609171 604416374 1525541504 4152301247 782736846
1138996450,144722539 1872513976 3004272047 3059533716 947037427 1992220874 3794166180 3147545008 1314114792
1141805584,3472930517 955398943 1379273008 1441694898 1945597998 1442089227 140336062
1144686688,711904904 2652552299 2645301517 1458906695 4025232349 2401458775
1148091006,3616651322 3726974662 1539526655 4182481615 1784350323 1635880727
1150855279,1361307272 2529072432 907302600 2650542682 633659090 1604908519
1151239535,2153037761 3679966356 3263953277 251270222 3803058898 755780811 578037803 93291131 1590675258 2494196199 3306000381 1544642235 1372348184 1389265162 36941495 1426337764 1520335024 1171957515 3588664375 3663891590 3331152144 2824024899
1154164776,1448086840 2166119628 1404500601 3462111166 2219144892 2621889209
1161695480,1066191630 1486919469 3524314596 551895988 1681658774 4090461312
1162467941,2472458349 594975095 483049188 2586610989 3353105116 2679948755 2679948755
1162995930,3793452317 2806565970 4198728308 3643004825 1133385189 1732400671 130281276
1174496191,955692500 4142633382 2660106561 2910886085
1174924783,829096016 2535249867 1332759137 4267908091 2078674354 2285963249
1181399405,3509100603 4203627753 61186519 581559015 3984042837 1845786756
1185909505,2153037761 4231641706 1550049026 937969852 4364520 3100616465 3667618471 2038842201 1613671569
1186306562,1076364848 2073609284 1407801833 268233790 1269035551 2007279414
1186383301,386736334 3096337166 2269110763 4121425072 2688524160 836475546 2144847927
1191065441,2380117374 2011797216 3223189854 3598553657 1812388516 1533609818
1193753309,3047285147 1786302939 402856544 3888550683 3480624055 221664601 3340530619 939765972 989895313 1249778557
1194867611,3863879024 2806565970 2719491342 3374363087 2375103731
1196973493,2115491671 3864843980 130493588 1189005464 426403871 3790866767
1201125575,1228413502 1596190412 2328961855 496131340 2280892735 2489566262
1201984883,3810748556 1379101853 3361087612 3857367648 3527147387 3716036142 3577652785 1214819792
1206686094,4070503980 1946764368 1946764368 4155943997 4155943997 3335153331 3335153331 619666754 1159050153 619666754 1159050153
1208562840,2520708953 2008322528 2517768885 1404633374 3036332464 2892041085 3008017580
1210507520,2825386316 3241864350 1473914288 968466974 1407744396 3124721005
1210932037,955398943 2529072432 3565166403 2125287197 1390707377 1532377761 3735101795
1214698655,711904904 635799819 2652552299 559618821 2265007148 2806565970 353933726 176458041 3964060639
1219372694,2507715258 3859818831 1449780858 1654106477 1582951351 4199917972 2421414250
1220061846,1816813281 2498491194 952519340 2073609284 268233790 2149464820 2007279414
1220188351,827394707 3454377311 3173191456 1754464325 4252287704
1221391751,510687100 3603111897 2489333364 908427583 3406437144 1541614804
1221659619,3203638855 179170940 4091868183 815715465 3367174753 1967903028
1227878272,955398943 1600413013 3358064160 3276213471 2765362727 2374444123 3621854275 1926323783 3183605169
1233124121,955398943 2522610844 3017074183 2414358105 2045147782
1236967132,2010667544 834360181 2150848115 13620896 2824024899
1237612088,955398943 1532377761 2529072432 1390707377 1600413013 3802870894 3938809089
1244880349,1832462541 1270829015 529297758 2782403445 3802870894 1950690638 443117188
1251857185,84306188 1364587311 588843412 2801788819 2749567415 3615755136
1256698929,965748273 1720699455 2000752208 1117966805 2145223158 1342275913
1258740073,1600413013 2394399969 2740270294 1829625839 2264041858 1082833698
1260240845,3883069165 72576587 3677554347 2691131073 3081841508 2512804658
1261451506,971510596 786960145 1748310329 4239959392 4054237882 360800244 1442729750
1266271629,3022634670 486546531 4242816413 2824024899 130493588 3199229320
1269929715,827868550 2698678033 3331186835 2437756221 2298040175 2803381523 1407189994
1270740692,1096831542 98978060 1776393554 3731945988 2575078889 2429675854 3930077968
1278116367,1600413013 897667289 587628640 1222992905 2354557848 606856804 1278585786 3231667776 2867445361 3568507739
1279721997,753115138 3312315763 3922480541 4002702641 1065213296 1776797476
1294883948,234496454 3621868055 772123111 1932611639 3109208257
1298181835,1065552764 2012870396 273737036 3779243813 1060275544 1438895605
1299218981,2498491194 1850381877 1844176380 2073609284 3425809914 3849306291 4030670573 3048578499 2007279414
1313619105,1606038564 3047285147 2459850460 3096327312 2585323353 3186605940
1315245132,2529072432 955398943 1641491432 795973226 3980859647
1317057097,955398943 1600413013 4136385770 2030801280 3276213471 1926323783
1317928829,4071751701 3978290343 236468864 1660158596 2937515293 1262111436
1319081165,2246974842 2232471778 798684088 1936176656 2687552559 523027576
1322959747,404595428 4232519602 799782433 1597380017 14945235 823015621
1325052851,2153037761 2760644804 2085386112 3982727529 3022634670 3331152144 944759264 3406775761
1325976285,2114371180 1479087506 1746528134 4160048540 2752772467 393416610 4041609284
1326846562,1276245294 283380244 1436872418 1222668744 1777221958 2834404806 1435127635 844187980 2182026424 1828726073 1777221958 2693186870 2018044116 1150650235 4037512717 2086304881 2058534577 4264461482
1329344819,1291254373 1333395072 808122386 4157898359 1662125407 1749744109 813746591 741913828 3039787932
1330552944,152418051 4203627753 626312019 899234866 3984042837 61186519
1336664122,3150441220 705007381 1390707377 445373500 2805037878 863669353 58273774 2721696840 151676688 790687673
1336715369,4020924115 1949729672 3121309854 2078652440 1485712807 3901098555 4040500582 2216645281 4184356373
1338460474,1120274880 2605913428 955398943 1453755094 1333552095 2776927174 3175031640 659578618
1341260655,3798356241 617788282 300236626 4132227015 1647257656 1100226557
1342404851,2115491671 2118368309 3327259603 834360181 3003433560 121684017
1344653000,814953804 1172667758 1093387036 829602148 2324702108 4097301015 3630913433 459120486 1944992146 256548629 262906968 1093387036 3391397881 1775142948 2330046225 3548928882 2286133717 3173690104 1966847967 3816147170 1005267385 634508293 940033316 2732696131
1354531726,955398943 771676713 1600413013 1518530087 1348209331 2384544175
1367498504,1816813281 952519340 3776957253 2149464820 1203717384 4080944038 1269035551 2007279414
1378077886,3807386691 98978060 1860569646 3276213471 3462111166 2575078889
1379130419,753115138 956842207 585602638 3650881117 2055027707 2025752984
1383404582,955398943 2529072432 2539026679 1390707377 1532377761 3980859647
1384880491,1017435233 955398943 1425625542 2529072432 1532377761 714391510 445373500 4133838235
1387635875,771676713 2307375062 913255694 4202927804 306290176 1862794029
1392003365,4125420656 1820029797 3251813967 2168553474 4203627753 686618588 1036506079 2428145712 110357109
1407394581,843844488 142411468 4025024212 97782821 3163090701 268669105
1407547363,411731753 4194137714 1944497323 4194137714 3951901113 3951901113 1195876739 1195876739 125448533 125448533 1944497323
1412643824,861118590 468922992 1673895160 3275248026 3735036412 3676729604
1415268912,1076364848 2149464820 1269035551 516796945 2007279414 3309338938 1902753965
1415422982,3058999449 325593308 3323634350 1302761106 91120222 2737955414
1417112446,2379850649 177193417 2093282303 3420605744 3830612733 1512603079 1401905636
1422762628,724813702 3406035843 3012033040 4072028629 4081672581 2974437095
1426347523,1600413013 955398943 4194316975 3541811987 3276213471 3767960965 2214608095 1220666503 1926323783 3466523662
1427626481,2339839832 356240482 1187034903 3572977792 1611450851 8816449
1428101175,2529072432 1600413013 4193610911 2872892494 738643299 1903400031
1429212077,4057581717 2481714628 2198899241 850932284 2355212660 834639430
1432546106,268233790 1076364848 1269035551 1902753965 1465929077 2729267396
1435067643,1996087141 2753639447 4011956251 25378326 2896808540 478310868 2361758181 309402776 2602203758
1445882902,1130876022 3247862990 2425916002 771676713 955398943 2529072432 1600413013 602394192 1310511988
1447459888,955398943 4058829330 3643004825 1586958576 1330332438 2595865077 1499603155
1449039754,1776393554 1400826182 817046735 98978060 4285933363 3462111166 753115138 1560199620 1699561506 615488222
1449803596,787628032 3720846471 4155847923 2149315332 1549366784 168359768
1452836623,955398943 2529072432 1390707377 1832462541 1532377761 221202458 3632072502
1452921099,2187001566 3737966751 1849131996 981308672 1974092868 2705317682 2454443883
1455080965,2311572043 450130761 1448086840 1133385189 1985254914 3566604706
1455874424,2339839832 204831554 3572977792 1940779926 954409482 1970721704
1462567031,926605391 1332759137 1133385189 40348900 2119976630 3601196821
1464451813,2105384033 2993747793 4105510328 4281653989 1002836222 1902753965
1467237100,3667110496 1050017180 2345968214 1179672480 4123308008 3216854901
1467753127,2387035830 2130616732 633659090 1766189272 955398943 1600413013 2529072432 861118590 1212947698 239276659 2802832059 2498921168 1319656469 3219059524 1490557433 1332759137 19861336 2633697384 2415873572 3676729604 2863740012 1926323783
1473654738,1816813281 1076364848 268233790 1203717384 2149464820 3048578499 2007279414
1474879368,1076364848 3309338938 673098017 1902753965 1269035551 2007279414
1476755701,955398943 2529072432 1390707377 1532377761 1388151180 2956814829
1485684679,3864843980 3697359735 2762356638 1630022509 519767743 3790866767
1487498370,2505330132 1102483880 122777568 1149588581 1263459475 259138075
1487949494,3400311907 3289683998 1394402721 2465528861 1630022509 3790866767 179400585
1489351479,3735036412 3655295959 613942852 199858305 1699663431 2968986224 2529072432 1390707377 27733025 553021827 645163767 2688888297 236721490 2655831834 3059186887 3434410911 2023259345 186104502
1500569811,1385126312 955398943 645163767 1235518473 1388026005 1298016856 2555143768 2650088968 2818637673
1513532936,2833336808 2415873572 2286155514 2979828712 3347318178 4253986436 3581275802 1133385189 322219501 3990500666 2214608095 2621503414 3462111166 3681999765 1633263987 3917524398 309860528
1515805774,2422059390 3835329221 753115138 238236954 585602638 3583375355
1520424871,1034336461 1111438174 2059769837 3055102570 2467740297 615488222
1520557068,1205670273 1425625542 3029325544 3029325544 3929507420 742732682 1933276938 3193385743 1933276938 1578913364 3760204639 1578913364 3760204639
1524520597,1205670273 2368083210 1232399528 49512724 4203571618 230117918
1524886161,675888033 966971643 4203627753 899234866 823015621 2428145712
1528971092,1076364848 2149464820 3309338938 1269035551 1902753965 2007279414
1531952242,2643833505 907302600 2130616732 633659090 3982608480 2633697384
1539795814,955398943 1600413013 3145143643 3981414613 2217633473 1747078058
1539932789,2500726913 1463274654 1260166514 364065475 579727844 2088805820
1540705179,2073609284 3849306291 516796945 268233790 673098017 2007279414
1544537243,1443698816 2153037761 834360181 1996897474 745914541 1694955508 1215684223 3790866767
1544786140,3751924386 1003065332 1283922964 1342131627 954819298 1330529419
1546141211,907836813 3018427137 4247442717 785245384 741980164 2274349979 2257565358 39270034 2653549574
1548827068,2753787047 1145767321 776270146 2667740825 591309308 2323349699
1549085270,1532377761 2746757137 1390707377 3632072502 1332759137 3855266116 1044854627 3565166403 3212363005 643346765
1549204000,2296601023 2263436179 3879840000 3365253328 3278814103 3618747219
1551265824,997119679 3981414613 1536783222 2881298816
1555282107,2311572043 2198931282 1238591141 3488779034 627338344 2844691787
1561107146,2649026611 3982566776 750506418 699308704 3946614613 4168716115
1561371437,2098941988 3696441394 2445964998 1269035551 1902753965 2729267396 2007279414
1564238696,955398943 3228219206 1025760152 1287321572 122777568 151678277
1565310892,4232519602 1597380017 3281130769 151502491 1323913377
1567499133,2444401672 1389265162 36941495 496369519 2614611034 1962078959 211297922 1824709964 724028325 1903444229
1568529849,952519340 1076364848 3776957253 3849306291 268233790 1269035551 2007279414
1571871667,955398943 1600413013 3276213471 19861336 1926323783 3183605169
1573621317,1064770050 79214950 1522127313 1356764145 1815989488 1672262744 3643004825
1575020018,955398943 2529072432 1532377761 268203907 3858223520 1936167908 3735101795
1578153876,2476622244 2391976137 3331390995 3537818194 3389211203 885074740
1580848851,711611185 602394192 771676713 1361307272 1518530087 134992377 2453174300
1586608043,1042965539 1322716520 1701034943 3013920560 517126954 1726301772
1600931671,3164743116 2767536322 2174450358 1550707711 307263394 3656509214 3075707957 2138889958 3576424973 788496445 2787476717 2780111738 2726295050 1549883854 1077825961 388159206 1048724520 3576424973 3656509214 4010042708 108743814 2545206358 3056563942 3825526654 3830565859 333266794 1549883854 2787476717 2041291391 473538275 108743814 1901632579 1525583872 1199170498 473531767
1602963012,677804869 1969948737 3211996182 3477077952 1710260937 1567986481
1607509210,998682226 2145977549 547383999 2715717936 126225732 3150166466 1693226702
1607600653,3962281765 4114917877 735811813 2690912457 812616126 1212611096
1607711586,2465617692 1174211087 1999425207 1145166049 1255932343 3175305615 3873677722 665832587 1562797526 1222519532 3001556791 1775404950 1473560996 1697308010 2775969504 646938693 2003347053 2620609550
1611246540,955398943 1600413013 3276213471 1133385189 4218736701 406293968
1612463745,738179988 3229573153 31422297 3680209340 1271330281 3061997378 3819567837
1614015549,1448086840 98978060 2621503414 3462111166 3982250823 4136833166
1614557413,1146909088 3590807274 620028937 693206007 1500592227 805963128
1616063518,602394192 2522610844 1250734354 2798648172 3495375541 318268706
1617945253,505206311 364572656 3842362115 1386351230 3017758716 2965867805
1618153505,2205661933 945123072 2132888830 1838843061 4002798045 1271330281
1623287180,429783158 2841517077 2516777172 2929993529 2457286435 1114151918 211855807 3087165236 2520498690 3008504566 1722051160 361295277 1838041662 1139112869 3946739090 448741271 1802515141 3944752179 606045790 127438092 2678645214 1605169579 3796451688 2962515012 673980216 747724268 1655276659 2470001152 4282742813 3183253119 1277547362 360205844 1611732042 3537990440 2082623056 2689464191 1292578015 3191854902 4241901687 2245475199 3948162966 3145188541 1626678328 231567578 3481965689 4086500156 2042072178 3218358123 2551148060 2918749132
1626755496,3047285147 3480624055 1978124272 2355645674 939765972 1249778557
1627419158,4074887767 1784350323 2397525028 1641491432 3832634890 2712999658
1628915638,1202672351 240233220 3395589700 979051762 2659777896 1407659332
1635772602,98978060 1733693317 1248215207 2456081670 753115138 450093935
1637866930,3830416827 705007381 230117918 1635880727 1784350323 1641491432
1638568594,2852836897 1023712594 3824201493 2186245955 3460711091 910916908
1641930443,3919284079 221202458 4254456631 46687083
1644052705,101780618 3022634670 1127247543 2997613878 3588664375 308441139 1960587441 4242816413 383090520 3436774163 745914541
1645299738,2073609284 3950589515 1203717384 2149464820 3048578499 2007279414
1648729660,2179702631 2550337287 3206644772 3021552492 2194857105 2098366869
1661089307,4203627753 966971643 899234866 2428145712 679700922 110357109
1671510792,3075515067 1439099168 1861025224 1020530176 4193497268 2185322441 3217594704 915187958 1088257690 742371239 283163090 3788720561 728908337
1683687851,1076364848 3776957253 2149464820 1203717384 1269035551 2007279414
1684440449,910169576 1451401793 2418142030 4080944038 2345395514 2007279414
1686132519,719337372 2529072432 955398943 1390707377 714391510 1641491432 1532377761 1213078967 3632072502
1696780091,2498491194 2073609284 2815362044 516796945 2149464820 2007279414
1697658257,3168283375 2824096896 4089322861 438718654 280077229 286578835 483140053
1697865048,753115138 3566580149 1974873198 585602638 416057853 1470276591 2888757174
1699374488,345960905 2710165417 2019748690 2293472224 2107081189 454957861
1712635579,1034788894 4149184300 1634190558 3664010858 191271461 3825145895
1718898264,2039358442 633659090 907302600 1148012652 4201499448 3868972599 2291215477
1727210805,3578863998 955398943 1600413013 203534201 1584496408 812516824
1729709850,1600413013 955398943 997119679 3145143643 3567042099 2024105424
1733597545,955398943 1532377761 2529072432 1390707377 1960789592 3632072502 3838044081 4088363232
1738544360,1179651886 1953437515 1039136952 1035926205 987387018 4241216275
1739369956,1116367368 899234866 3281130769 966971643 4203627753 2428145712
1742267789,2823343043 236468864 1370289455 2232765899 2567184413
1743103684,3765621344 2506413763 115599645 2520129462 2241772502 1439724705
1751890352,1465929077 810618772 10609218 1716470668 1902753965 1294336672
1753157654,4073937824 4105400423 264131666 1536770720 2974348707 252715505
1756431678,3816082904 1532377761 448070308 3902259528 3838044081 392004313
1757163647,2130616732 633659090 2493891004 2643833505 907302600 97217712
1757874805,1076364848 2498491194 1071582440 910169576 1234887619 516796945 268233790 1902753965 1269035551 2007279414
1759431765,3057595260 1269832600 955398943 2529072432 861118590 2219392559 3087892616 3275248026 3541476814 1082833698
1761070733,1532377761 1575795745 955398943 2529072432 1390707377 3565166403 730719446 2738205241 3873822688 3499428374 1801234307 23065304
1764410879,2586592033 739813844 2384019439 3551254564 638775537 1750721900
1769475808,152418051 4232519602 1528500344 3144013743 44607617 3922290830 2015759069
1776705938,3981207518 788806703 3355058483 2463233266 4067173724 721486079
1781227779,1076364848 3776957253 2549322104 3849306291 1269035551 1465929077 1902753965
1781308359,3377111618 1418335588 4000101630 2454529682 3455216998 2272129750 3017306176 2950866342 1973397903 1853480847 3978877566 1576479513 3375794889 2837460223 1497910534 1401528678 3553843473 3178089116 3832568771 1306338110 4261187406 3920854394 850684480 52214972 1363545588 1479009911 3946888590 1058791332 1369337496 4266442206 3009990991
1784363573,444853728 1242409753 645163767 445373500 2007442218 3855266116
1784981569,3361245766 558457543 2429151401 2471550700 3482282242 3202312518
1792619547,3251813967 152418051 3509100603 1597380017 87062804 3984042837 2993316611
1793056891,1448086840 3462111166 1860569646 2219144892 1699561506 3029235992
1793252788,1568602075 1965142621 2549121627 3435727604 577283994 3036660288 944464786 2994578769 4113223676
1794241017,3376318184 897667289 568700686 1691794213 2706955572 2617418498
1795877465,543972501 3388135408 1710224312 230117918 1935724864 496131340 3842730088
1800952806,1816813281 1076364848 1816813281 1076364848 3103100779 1407801833 2418142030 3849306291 268233790 1269035551 268233790 2996923495 3048578499 2007279414 2996923495 2007279414
1802788012,1596784791 3412735820 3390104974 2327229116 4273083332 2706889136 2031053885 2763644903
1805653308,2618041707 3549638872 2033808525 1824198418 1403461020 3407533313 285774896 2064060869
1805968919,1965648913 4053179562 3202696613 2463281930 3778449516 885971279 543117146
1807506815,2118802492 3975678118 2951622929 1939550439 3147493880
1810026348,602394192 1569838328 771676713 1361307272 2590934028 878192149
1815513076,771048344 1917405339 1231053829 3714846142 2144335101 2158886392
1819190828,3574130231 3890023938 1373703897 3909833464 1732259589
1824088561,3106485137 724969489 45546365 2684225557 2370034037 1652327247
1827991074,2643833505 907302600 2130616732 633659090 364721213 1081122807
1834677339,2863707763 955398943 569253671 1438263468 3107030929 3508758003 2610685768 3369927458 329123657 2639741116 485940642
1838447403,3227431115 1324111481 3884118877 2914054397 2097398760 3346955590 4174222591 899438727
1839455971,2693999668 3751969407 86549210 4204584088 4061182012 3065202026
1847477018,1903224605 3376191603 3188222237 257297328 1251959878 2166881970
1847581168,820270984 1733693317 4053873223 3312315763 3941340806 3480624055
1848901690,3402209713 1826785122 1771863286 2059512399 4112286860 4258442948 753115138 3992718328 2727714216 2120779072 1512603079 4241501571 2051307229
1853545080,3827012174 4169591119 131720132 1641765152 4069645571 1346865141 3726239046 516142129 4219862792 2142497014 3453637848 3325090658 1283364916
1853614834,1660503085 1900974580 1999509621 3397562981 4078680590 2806316076
1854575078,3349548561 3047285147 2045413792 1241270051 2691215697 3398368733
1855201342,2066686477 992478333 3883276816 155497956 2603032829 2913307239
1855764195,2998860547 1863499620 833858713 606922183 3882632768 2157929746
1859538565,1156397533 3319708573 3864600939 397341003 3499494973 3399493403 2693083714 3572282054 3556049606
1860318569,1766189272 1487327799 1921387318 3541811987 2546783441 2081500137 2262994085
1868178875,1825576882 3895387137 3270322093 3834803264 1718800254 710272215 2783733675 2587175764
1872064755,1955290741 2741182317 2671536488 186216354 3406006327
1879127286,952519340 3849306291 268233790 1269035551 673098017 2007279414
1879197141,2560041384 2046290940 3697638490 1170143822 3967790299 1860393518
1879613707,2695345830 854213413 3858811430 3708775131 2993132089 3805837064
1882369333,2663742216 1430063715 1745732670 270021257 3196342393 1930801558 1061085362 1119811894
1882928667,553125617 2219144892 1759571467 3818612808 2610561518 2896431832
1887766017,1390707377 2529072432 645163767 2555143768 3002742471 1936167908
1890795413,2481417302 3519129293 3539428285 4193610911 3342862156 1556475107
1890962723,3073190206 3480633561 2880520470 2927429316 1608550938 224483924 2681049528 2445426010
1894771602,296364136 2193505055 893326926 352094176 753115138 2126954914 615488222
1895700651,955398943 2529072432 1532377761 1390707377 1600413013 986099040 3632072502
1905298796,1844176380 952519340 1076364848 3776957253 3849306291 1269035551 2007279414
1910313147,1255725714 2025752984 3901745148 2055027707 2706955572 1526997112 1570912780 3224830038 2617418498 1580455386 2659423239 4002702641 3399301092 2856764723 2509552492 1287321572 1514338761 2528580351 880413067 2002132690 839136936 1359628311 1170143822 2420562513 922424424 1012343640
1919684252,330649130 895286028 1734223694 1160967985 4070777856 811899805
1920804065,3287951899 4242816413 1205178906 2540137484 1595241082 1247265668 660511012 3066321838 2865762984 453336060 2456389652 3425994462 907836813 2762156934 790991039 790991039 648394846 648394846
1925883781,4125420656 1820029797 4203627753 2168553474 899234866 675888033 2428145712
1927515781,1816813281 952519340 3103100779 1151525474 1902753965 2149464820 1269035551 2007279414
1929993059,2682064547 1116367368 4203627753 14945235 328050860 3984042837 1922937308
1930913390,672898146 2613959865 1865593147 4075641901 286835516
1931229576,2626540872 1205670273 1710224312 252200822 4193798139 2239812402
1935886581,952519340 1076364848 3000883012 268233790 1269035551 3309338938 2007279414
1939233431,1650341169 2172100129 3743521539 2450977738 2716431338 392143091 138523229 2316480277
1940954160,1859850334 2864565845 2169547036 316263527 2572621038 2150057383
1941301893,2114371180 2893363609 3583375355 585602638 2759111805 3040691375
1943715600,1257452850 3145208730 2625171567 1465819696 4154066904 2855600678 162437481
1945364081,3400896624 3216974136 364572656 807481523 2782403445 3802870894 3153322133 1171747241 4106186736 3610629096
1947430492,1076364848 4244463632 3849306291 2149464820 1203717384 1269035551 2007279414
1949308966,861118590 2529072432 1867946088 3219059524 3271632767 3655295959 1013377163 911059261 1630977665
1952195470,373835635 3409795848 3455693782 198913886 1316949297 744407130
1952889698,1391017105 1001873472 1120274880 1825201512 856475566 2323361828
1952989987,1488068589 3681999765 2168006553 4268934123 2059512399 4241501571
1953311106,2153037761 2115491671 1128274822 3284911153 1550049026 2465528861 1767325091
1953776591,359772853 2437671297 890543862 2224585309 2828360569 1007362152 3656009265
1954551442,1605832718 364572656 24943903 2214608095 1964407998 3644643572
1956536963,1447876788 1695577313 3349548561 2485387516 1063040391 97217712
1956869615,2461750251 2739475695 1286933492 1883639561 72291902
1958055739,4247560499 2610127048 2023131804 1613322504 3316772416 3593566246
1959697351,2017624114 1433144650 864842762 98535486 3404489024 913961845
1964994682,3858223520 1390707377 2529072432 448070308 645163767 186104502
1969578305,349908863 1901831183 2978759688 2444355446 3021122125 1158452780
1972874413,955398943 1600413013 3276213471 263253434 2712351162 390341495
1981701814,3849306291 268233790 673098017 2149464820 3048578499 2007279414
1985184901,952519340 3849306291 268233790 1269035551 673098017 2007279414
1990497157,719337372 955398943 2529072432 1600413013 92157758 1390707377 1532377761
1995030251,4258255746 4085563097 2307482894 4154312088 1830089924 3416696354
1995670379,2232072212 3216374080 1128274822 498238691
1996518567,460112184 3203913218 2723158684 2806565970 4140154751 2829598154
1999564447,1914791953 3841242017 2610561518 3480624055 4083994402 3104895742 4140154751 49312682 1759182938 2887226822 1114350408 2819981834 2081500137 4229337308 2360970554 929607923
2001549733,1816813281 1076364848 3849306291 268233790 1269035551 2007279414
2007776821,3236979875 3174177804 1213255557 2072654397 2170142135 3402377961
2015847697,2363351901 772203253 2683021306 2289214808
2018840392,1076364848 1548058369 2558884259 1269035551 1465929077 1902753965
2020751512,1076364848 1203717384 1902753965 3309338938 2149464820 2007279414
2022846287,3658165839 626740748 1476779712 1247059122 1131892723 3421650325 2066141308 1220694778 2265531116 3763253189 3368430354 2793309582 3180156897
2024760795,152418051 3509100603 2790605371 799782433 3984042837
2027353775,1189547370 858488892 1547826436 3800668884 2506208118 491161389
2028372118,1856334232 3200110310 1190022018 3639452198 3211591366 858852228 678898385 3758162883
2030247174,1076364848 952519340 3776957253 2149464820 1269035551 2007279414
2034510440,1600413013 955398943 1532377761 2529072432 1390707377 1044854627 2475079669
2034718190,3485847920 188428993 2773032826 3319944668 2889501135 2316735731 3680340292 1962237597
2056169186,2442660214 2073609284 2418142030 1203717384 2149464820 2007279414
2056616898,3247053834 834360181 3289683998 1287884858 3769851269 731731924
2057654985,3509100603 799782433 1597380017 3984042837 823015621 2668074570
2065629938,2839246665 1263593993 1296139548 3311382169
2069616722,2153037761 13620896 2824024899 4056408412
2070073073,1117109340 3712322311 753115138 2092805628 2126954914 2460426930
2083900381,2860418664 861118590 832111597 955398943 2529072432 2090707728
2086141202,955398943 2145977549 304561561 4259189014 1241270051 3276213471 486845209 1926323783 2237079226 840272042
2087739026,797638314 2529072432 1641491432 2157401626 844299203 1390707377 2475079669
2095393247,412637465 970700766 3217162477 537334854 3075503747
2097638279,719337372 955398943 2529072432 1532377761 1390707377 1600413013 4255597412
2098666939,494342684 3949652638 1447532589 2583376810 2305935776 1901024297 153997026 2575352938
2101691514,2529072432 955398943 1600413013 1532377761 1390707377 719337372 1044854627 3632072502 4106186736 1936167908
2106243741,1549996522 3961006272 1966347593 450130761 1463028485 2100931328 756383313
2106955961,1699663431 719337372 2529072432 1390707377 445373500 3632072502
2123040565,2114493120 2689644306 1595835882 3161340282 517566898 2608446333
2124468398,955398943 2529072432 861118590 3735036412 3805108320 1281108322
2128672319,151423868 3696860159 3235943764 2330162268 3364203102 2462397213
2141063849,2153037761 3400311907 1287884858 2798291665 3790866767 179400585
2143805175,4211366080 3926022702 2782403445 899419077 1697930615 1549252317 73460149 915339846 1332759137 221202458 994339684 2611542551 813808366 2505683685 1345755464
-2145432150,2792744907 4290944875 1578063348 3989409642 3858844131 2238892602 313748507
-2143673317,1804108516 1579557996 1794028018 1120182267 584478589 3048052163 787104682 3022701193 716205857 1285129707 2176572701 2401798322
-2138046821,3300948291 645163767 3037314453 2798862419 2264041858 2823119321
-2137855216,3066321838 2444401672 3037032940 4038462730 2562415220 82114475
-2137743104,2587616435 1716470668 2548272502 1902753965 1542381330 1262111436
-2134286779,1816813281 1076364848 952519340 2498491194 2418142030 1071582440 1407801833 268233790 1203717384 3309338938 2007279414
-2132929312,1799373189 2942609119 258423677 2168184460 1255629030 3395117104
-2124393463,3856270842 878853963 3867931782 662862265 2331757833 4247314940
-2123766394,952519340 2073609284 3849306291 268233790 3048578499 2007279414
-2117505302,952519340 2073609284 1844176380 1203717384 2149464820 2007279414
-2116710558,4002798045 2205661933 3789029184 3680209340 1271330281 3819567837
-2116557695,1488068589 3302719635 2803195749 3050792814 3395117104 4246197109
-2115608757,2690622298 3216974136 2529350528 590379964 404979471 3256763267 3728742842
-2109115117,1488068589 3327257991 3863879024 2719491342 3374363087 2806565970
-2107784162,440970262 3137171860 4089204268 693050209 1709594652 1187086028
-2100023165,952519340 3849306291 2073609284 268233790 3048578499 2007279414
-2099380466,955398943 2529072432 1471140446 4038388081
-2099359045,3841242017 1448086840 4251372836 3462111166 1550833837 3466131259 3564807851
-2090937351,2979995541 3594583336 1739388067 3274802131 1409053740 2630505719
-2088494692,4146552769 754494201 1781009055 2761317427 2770466219 1674888438
-2079577464,4232519602 799782433 1597380017 823015621 1323913377 3645508095
-2072591710,364572656 126225732 1115164873 1698013825 73087107 2413506174
-2071828254,274828992 2322876084 2391815688 1889248965 3050858997 3050858997 3031347403 888450135 1454534917 2391815688 1454534917 2723679200 2723679200 2995369168 1569186701 1569186701
-2069812309,955398943 1600413013 2529072432 3565166403 1532377761 3802870894 1242636641 1390707377 2514970495 3632072502 1044854627 3855266116
-2065548495,955398943 1600413013 771676713 2133183406 4064061859 3567369930 276320151
-2063510902,10609218 1002836222 2548272502 1716470668 1902753965 472699259 1578537301 12957499
-2061942547,2171146582 738950797 2978499685 3530657203
-2058421146,675426904 1060108037 3357710960 3331390995 883248833 3668324750
-2056084935,1282404404 1205670273 1600413013 2529072432 369979069 2747019143 935113119 955398943 4204629344 230117918 1726517107 252200822 2131379889 3254991059 1532377761 3539781329 1390707377 3632072502 2717718620 813808366 2717718620 1044854627
-2052523551,1587680670 2803195749 2610561518 1914791953 2628188449 2428305873 3007788384
-2052198846,3893357703 1549996522 2257756009 366046929 3222871469 4233478689 2855600678
-2051448761,3955527462 116335087 510692114 2290162475 3825878532 2526925550
-2047881752,1816813281 2149464820 1076364848 3849306291 1269035551 268233790 2007279414
-2043688514,2599698872 1196882187 1856036186 1185826498 3234338166 2175450462
-2036754851,740269154 152418051 4125420656 4203627753 899234866 675888033 2514842060 2428145712
-2033071498,952519340 3425809914 1203717384 2149464820 1269035551 2007279414
-2025179951,3582502118 18501982 682323256 1362859239 1401833782 2965640468
-2023891523,1830060678 615678881 3819085498 901955315 3023811405 437343561 324417384 1710578736
-2022853356,1503963154 2211704221 3823594890 1644685632 773396729 798498472
-2019636486,339349606 2390211327 1089038689 2489566262 1191393757 2654299339
-2019366767,339707038 3508551200 2433009129 2704261655 2630531806 1702401336
-2016550491,3132828624 2497500261 2156430059 2462996142 600889378 158697564 1926291871 3141276367 3462394391 409257405 1032588622
-2007458719,3254991059 1599394211 2637354369 713755727 4181789141 806826749 2630105655 2501620729
-2006500320,955398943 1600413013 263253434 3276213471 2423655062 1926323783
-2003840059,4001520079 3453000167 3915393281 2844548954 894275857 3664054999 3023183095
-2000739883,2529072432 955398943 3728974729 1532377761 1390707377 3632072502
-1999362901,2418142030 952519340 1076364848 2149464820 3849306291 1269035551 2007279414
-1998480021,2824096896 4089322861 3657281130 4256067371 9032213 1641469484
-1994510259,4063445788 2006801563 2489007829 1105599539
-1993884286,952519340 3849306291 2073609284 3950589515 268233790 2007279414
-1993129867,1374408115 939291841 1517264651 353933726 2806565970 388489337 97217712
-1990891711,4003935165 198142635 1273343996 1797444718 2955785263 3767783225 3978621008
-1981946117,3211591366 1741634425 3123256869 40477420 892230242 3617812300
-1977336612,2889060532 2803195749 3469813488 4142633382 1430108025 3779243813
-1976768981,4052965084 409259074 688431737 1181196255 249691528 1565715575
-1976552020,985587043 89301529 921723192 1206970605 3475665953 2509151803
-1974113237,3181096775 1231257462 2971102319 947107369 4132560230 2660476047
-1972647128,3563682200 880342205 2288198297 1906222874 1092379167
-1965302149,254906524 2981167077 3667020724 1850381877 1255642490 3701432790 444760681
-1958466263,3997076581 2541362268 771109311 2099198850 1699259166 4052582264
-1957785100,2943640347 3198700718 2092874032 2779241460 1645204489 2140131407
-1954057174,2045413792 3220524120 1850381877 175799995 1772087537 1133385189 3126297081 4255728535 2539102419
-1951791165,2919758612 639120581 1645204489 2779241460 2895178379 2251454797
-1951235429,1488068589 232148793 559618821 2645301517
-1948882667,2529072432 771676713 1361307272 2522610844 2209057061 1556475107 3921130037
-1937361916,1071582440 2335863954 1151525474 1902753965 1203717384 3309338938 2149464820 2007279414
-1933379719,1064676677 2164122730 1609864127 45299662 3037717443 601724573
-1932249113,1270020700 2402634095 3988877752 2445964998 2729267396 1465929077 810618772
-1928723190,955398943 1600413013 547383999 3276213471 1926323783 2507282360 3466523662 2118975799
-1927546418,1096627226 541681862 1642783054 2974876918 2192323352 2904980609
-1925622149,1686015754 2953070154 3955420874 2066817557 2141096032 2702494308
-1923530723,861118590 2529072432 656598905 4042920370 794747940 1716825317
-1917760206,955398943 771676713 1361307272 2529072432 4085386358 671695205 571838530 3734917090 2401458775
-1916732892,4215548909 2840088969 1982116608 203033412 3282233282 3239024487 2093694890
-1914658332,469391336 3434211911 3970096019 3916699033 3392687713 1013330853 1544885187
-1912177425,3509100603 152418051 799782433 1442371155 4203627753 2790605371 823015621 2496162191
-1910751730,3382116221 2221155670 1077569445 10609218 2175520870 1578537301
-1908759078,1753430045 18155167 261877241 2237225061 2579915587 646922507
-1908486766,1390707377 1242409753 3632072502 863669353 26556401 3281866005 2301723344
-1905869645,2587616435 2396566946 1548058369 1465929077 2729267396 810618772
-1904054481,2923175068 1065552764 2286155514 2979828712 1133385189 2628680570
-1903698347,910169576 1076364848 2498491194 1451401793 2073609284 2073609284 1203717384 1203717384 2149464820 2149464820 1269035551 1269035551 2007279414 2007279414
-1903370938,1035826200 375614738 2233985749 3752154200 1197761464 3976233788
-1900395485,622003251 2288884065 2110752121 754216076 498238691 918116457
-1898780062,2498491194 1451401793 4244463632 516796945 1203717384 2149464820 2007279414
-1895941822,1634396922 1556853759 771425652 970449428 1036819130 3206596283 2105317643 2342752176 2271049585
-1893726344,2153037761 2115491671 2216327290 2824024899 283312644 1613671569
-1893274601,955398943 2796556769 4058829330 1730501944 313343082
-1891969589,955398943 1600413013 2529072432 2763790767 1390707377 1532377761 3965376459 1017435233 986099040 264366149
-1881878131,4168094163 2978630628 2251273418 1146909088 3861842266 1374817425
-1881431648,4208530995 1241270051 4010454171 3077019139 939765972 4048136503
-1874947659,172405986 2922629093 504496660 1020936011 1720077487 1889561284
-1873382695,1076364848 2149464820 1203717384 1902753965 1269035551 2007279414
-1872730641,218221722 3811967362 1287148023 74066388 232148793 704227031 1983140495 703370904
-1864188215,4002798045 3229573153 31422297 3789029184 3680209340 1271330281
-1860118376,2205661933 3229573153 1668072163 3680209340 3464443059 4002798045
-1850338217,741936389 2415873572 3010455159 1551306530 3702762659 541584645
-1846757579,2531483253 1975529948 4224104772 2408267303 4118346826 446790947 1690995478 405428132 3369636425 1329434390 2490299454 3041742790 3575536012
-1845199444,3025444328 3942861851 3817102878 2952666575 220345125 1848676985 4207915079
-1843384595,1060108037 2522610844 582672945 4009259776 2177412287 1389304980 3417455063 1537177508 4265122277
-1838847072,2153037761 2115491671 4242816413 4231641706 2906696294 379699270 2465528861
-1837129201,3706170359 1703984594 2925645332 69243713 3952099824 3008408180
-1827903353,1076364848 3849306291 3309338938 1269035551 1902753965 2729267396
-1825920905,2732461028 1711893150 684921758 1852872937 1684746528 2313587840
-1817822429,4105510328 1269035551 1855529308 236468864 1660158596 1262111436
-1814286083,2498491194 952519340 2073609284 3425809914
-1813857213,3066321838 4289884077 3639467255 1803275543 2456389652 1302971330 422354467
-1809287099,3407311067 3291155312 2468476603 3808492697 604122973 2867164384 1153444608 860586536 669142889 4212674087 4114981695 1103713679 1480755794
-1806281555,1333077999 615186123 422504591 116335087 2531947768 2370228216
-1806117354,52182818 4177290981 2951450859 3696273728 3284750825 645450030
-1804665136,2286515515 926605391 741936389 1522480247 293751558 2942609119 4255728535 2479111332
-1804374808,719337372 2529072432 153565237 955398943 2776357538 3582418533 1360334065
-1803319714,4129872355 1496739876 2064292569 565075405 1381746236 1552700632 891105433 3685386977
-1803315887,719337372 1332759137 1213078967 2258521927 643346765 3632072502
-1801400471,1114350408 959243663 1620441934 4167379270 414842182 4058578465
-1801141831,2856192562 679668918 4083305694 293191359 1837043651 2010583664
-1799105540,825378558 2011797216 907511974 911123223 1942387906 3652056284
-1799033294,1019372113 499093505 1629994289 3589804265 736850175
-1797412753,1149414651 733105839 3368006282 4104093275 1304703160 475977877 2199396069
-1795321363,984533875 920638337 3480624055 1439955445 1173584072 3581275802
-1789908611,1215834685 1600413013 2529072432 955398943 221202458 714391510 2338976654 2193311387 3610629096 1845894044 2291985041 2335548059 3735101795
-1782872297,1832065589 1218522841 2554360190 2548272502 1269035551 975577539 472699259 2007279414
-1782126823,3659838928 1279105661 2006801563 1159427484 1880156476 4234558652
-1781314738,2099424186 2901008831 1361741648 2468147494 3735036412 3796424338 1282404404
-1779937890,3901290120 3841578300 6912101 3915373411 1731720858 2045557691
-1775865955,3644919912 969702102 1707850167 990120316 526365666 152448432
-1770747195,2210350678 3390105219 2214608095 753115138 238236954 615488222
-1770472500,569253671 200043295 3469287783 1133385189 3581275802 3617812300 1813567310
-1766805757,152155192 4201499448 559618821 2354857659 3731945988 2628680570 4025975316
-1766545454,1850381877 1494465858 2891562029 3266931065 2983876569 3515917616
-1762949466,4095661412 1940265937 3641591598 2287299654
-1762175954,4273083332 4032688818 3495240009 3845620286 3804588922 3497884674
-1757678618,4089322861 2824096896 1667906928 3945526577 219382171 1977909542
-1754160127,2869069067 1348732528 3761835607 3099187682 3626702003 3713407965
-1742352455,2145977549 3418415418 2877011901 126225732 3692336066 1693226702 1739587848 3183605169
-1738834021,633659090 2297223691 354333473 3612493798 1263370906
-1734904808,4237843812 3548156981 1858173660 468069570 272875209 1561244898
-1726243296,2011074541 98978060 3047285147 1148695493 3186605940 3830612733
-1721244657,1716470668 4105510328 1902753965 2548272502 1294336672 472699259
-1715615031,771676713 1361307272 3004689246 1497764698 2384544175 1862794029
-1709110279,436592000 588161010 1776393554 462519665 1868735086 2628680570
-1705514582,3413747696 326347400 3659345285 301049464 3482133976 3930422129
-1704064863,832749301 4193697263 3751969407 4106727661 3127693636 3971808383
-1701482416,2453993629 1667438718 2814874369 695330828 1222056986 1904824931 223675975 2578587018 422490522 3948784617
-1685759161,2357122965 2589709809 3504788955 1332759137 3521418447 3980902141
-1684289554,2794906451 997119679 3981414613 1536783222 122777568 3465408215 2220814548 1770049890
-1679589771,3777023978 2608059371 1045847967 1052383676 2808562851 1875847767 3054051090 2083377581 3712791641 676570956 2779164301 3722242006 109813855 3891367148 562267681 1047309493 143262862
-1678747583,2105083541 1769590720 1549564349 4206665392 3074569974 1085747802
-1678554211,843844488 1205670273 861118590 719337372 3929507420 2485271797 1028836917 252200822 542538548 2373204206 1141864640 3684827284 1635880727 1028836917 2485271797 1731351853 1596190412 1410302557 1410302557 3980859647
-1678389700,797444832 1227125679 1538209487 3348012164 219294003 2659185582
-1672464807,1776393554 943072239 3731945988 2120779072 4152491492 2628680570
-1666747327,244220291 1621538745 1430550539 738179988 4002798045
-1664863854,2722304538 2587945918 2208531370 1565715575 2006849293 3036332464
-1659083773,2379850649 3222518399 2883057132 3765117189 1693226702 3712819742
-1657614686,834360181 3118576636 3962985904 3289683998 3790866767 999770277
-1656659561,2980258101 1580455386 897667289 1526997112 2805037878 680512190
-1652886435,1600413013 955398943 2529072432 602394192 771676713 1569838328 1361307272 141747067 2235632935 2520169151 2610494844 3356939410 1761472129 1332771610
-1649628747,496131340 1074521155 1766881633 929396784 3629715562 3544970802 1205670273 4029527069 3221268576 574261812 2650202363 3388135408 1857491294 1935724864 715067060 476887385 2273045307 3549888444 3084168587 3952025621 955398943 2529072432 1641491432 45687644 2150953857
-1644396178,1784460521 1031615077 2214433187 4259324970 75326416
-1643008266,3230361882 643650594 1218419907 982352471 649960767 576323486
-1642895533,1448086840 98978060 1776393554 3462111166 3702762659 615851431
-1640643696,4089863898 1448086840 1241270051 2354857659 4198728308 4253071998 2877011901 627006212
-1637885497,1816813281 1076364848 3776957253 3849306291 1269035551 1353065742 2007279414
-1636713122,2529072432 1471140446 3565319586 1911299906 945439689 1602227394
-1633026161,952519340 2073609284 673098017 268233790 3309338938 2007279414
-1630149644,2529072432 955398943 1532377761 1390707377 3632072502 3760204639 1710224312 825525529
-1627309107,2860418664 861118590 955398943 2529072432 1600413013 3655295959 2612751259
-1626264741,3103100779 952519340 1844176380 2073609284 3950589515 2007279414
-1622524187,1175861537 2218325768 929396784 1700688767 1061745506 354306787 2529072432 1390707377 1701227599 3632072502 4133838235
-1619879235,3864843980 4242816413 3289683998 2762356638 1630022509 3790866767
-1616011255,834360181 2235916835 3118576636 2611097725 4130552113 921030522
-1614627902,70239777 1449100881 3917180106 2106859088 2670899462 1516164055
-1608001533,1111902281 3546861867 940261225 2103350077 1335898508 2701293208
-1605026143,3565166403 3637523569 3083830288 1601916220 1449135207 4283510412
-1596250710,883329724 4238643515 1307632801 880504585 1214539942 2156916339
-1594608909,1076364848 2549322104 3849306291 2190369261 388257732 1269035551 2729267396
-1592310737,2153037761 3022634670 349304683 3320505228 3014867612 745914541 766157199 1951237429 2746202243 4242816413 1694955508 2824024899 1386404286
-1589070433,902747271 3436797348 124543921 256643979 519818482 1356178708 570436992 3717432238 2296562792
-1588586143,955398943 1600413013 2802832059 3276213471 3621854275 1926323783
-1587481777,2265946558 3029657775 2538041788 3039059830 389818573 3627805046 679148240
-1582948851,209660080 4017891961 2923256494 1341096506 2714036762 2939382527
-1582211588,739733335 1488068589 2806565970 559618821 2120779072 88942214
-1580391467,878068450 2511625066 86549210 2994679749 4061182012 684180084 1878997696
-1578653542,4280025323 3887437420 1381992714 1729757002 523689598 3830843862 912469932 3117801085 3663139999 2511485505 1730687343 3004656227 673121169 1480664438 1758220144 2356200472 1308089773 869185019 346595869 1160849928 2164087788 404076498 395587063 293191359 1745523978 1435127635 257669743 3205718958 2484012499 2754161597 227076136 4254146538 2179367770 966176695 2004127159 3633515900 851749287 2798516620 4234683959 999037301 3981007415 3275090106 2846569993 898528820 3863047854 3249976439 2551928363 2119816010 1432188744 475466362 2020073928 2074025065
-1572957146,1205670273 719337372 3929507420 3254991059 4203571618 221202458
-1571255863,1532377761 955398943 1390707377 2529072432 2128371414 2774259276
-1568501166,955398943 2529072432 1697930615 1532377761 1390707377 3632072502
-1568273417,3788487368 1622702915 432158069 305085824 1215610011 3900540172 387419688
-1563424286,1776393554 2389231921 2535809440 3992740948 1777033053 2628680570
-1554634364,1333829432 2437040715 3505493473 234179233 3864658857 3551254564 1555919109
-1545856528,4244406355 2901846698 1741327284 127649684 921689165 3834543367
-1540794688,1381165425 1548928340 1068825763 3242166240 3903656386 1196882187
-1539813118,719337372 1600413013 2529072432 955398943 2776357538 221202458
-1532946170,2130616732 633659090 642644408 3429508261 1332759137 590155292 3183605169
-1528523541,258229084 4068367333 3928966388 2931379737 2042037256
-1527022741,3007406784 1335528193 3294243397 529363423 3757732203 4070373333
-1520549218,3583300165 3617481257 1780851267 2506505258 1204184 2459104568
-1505353910,1426073917 3828205008 1842623585 2485173442 4254164270 2489802043
-1499075654,339060886 1114221386 339742135 3237349833 688003497 1963580118
-1496197855,165954795 4242816413 749859087 306070571 4364520 805562777
-1495661232,4125420656 740269154 1812117472 2350936091 3984042837 823015621 2428145712 832277631
-1495098269,1600413013 955398943 1548928340 3358064160 4194316975 3276213471 263253434 1926323783
-1489455176,1370244570 1784326680 200612846 518815654 2050034443 894829625
-1483306130,2130616732 633659090 642644408 263253434 1574221315 1516269680
-1483244141,4208530995 955692500 843676515 1548902066 2262994085 1241270051 2090866381
-1481393752,3730940322 2689439975 2573375708 2662849125 3586952726 1448266534 3081495551
-1481109184,2529072432 955398943 719337372 1600413013 1532377761 1390707377 714391510 3632072502
-1480882690,2234592975 204809614 294072770 1420231458
-1479793021,952519340 2073609284 268233790 1269035551 3048578499 2007279414
-1476907116,2604742516 269279050 4209032429 1177860296 894558917 3723741723
-1476057691,3388135408 1395640727 1670109616 3896502134 1095856197 2556636029
-1475328676,3302882916 372148582 372148582 2530418280 1251514213 2530418280 1251514213 4282528155 3165554886 471005047 471005047
-1469522550,952519340 268233790 1902753965 1203717384 2149464820 2007279414
-1466766516,1602457910 3768096054 6815556 1650125559
-1458109174,1205670273 2094952127 4193798139 3284977344 3761092488 4209269127
-1455627580,1401528678 3867573663 2085933053 2321179843 4120806416 1521445358
-1446189213,1981405252 1088231138 1328316936 1397996487 2670086413 1533268491
-1445856252,1488068589 326664129 2923175068 559618821 2806565970 2429675854 2628680570
-1444464227,1076364848 1151525474 2418142030 3849306291 1269035551 2007279414
-1441278478,3103100779 3849306291 2073609284 1203717384 2149464820 2007279414
-1438274097,955398943 3712568774 2802832059 3889235854 4201499448 1926323783
-1437800894,2153037761 247946149 2798291665 3129691238 3927372874 1630022509
-1433930360,2693141741 1685778212 1750885159 3472954141
-1431042218,955398943 2529072432 861118590 685863199 1949386711 510454016
-1427569597,1076364848 3776957253 3849306291 268233790 1269035551 2007279414
-1425516856,4055258235 2173876437 1296962014 1555528731 1733366362 455025133 2534283645 1552542787 2115636995 3074213537 1964247095 2925251320 764661719 1018664986 840148457 3915228859 967011022 296367110 2107071578 2984717330 3319506135 2443986891 2009284726 577524735 2851440006 2084757341 3480369605 1537061753 2942401862 4230784307 2403415191 1962197037 3609731911 3579514613 3105765412 2051808530 956084731 2382680725 2366289805 3976565573 2364266814 1457233789 2810314125 3368430354 2265531116 2711079268 85254966 2298516857 2649802535
-1425499307,1205670273 3929507420 3720373392 3545922494 1587441682 574261812
-1422112750,955398943 457253413 2392886869 2980258101 151676688 790687673
-1421351776,2342980834 736179869 550630680 519818482 189617066 438462512
-1420420986,741936389 2803195749 1034336461 1111438174 1949859321 58444357 2059769837 1852255097
-1419460287,300126317 2643430993 1766166660 3028393247 470220260 2298471648 2593959287 3256827935 1701047854 870288678 483630403 360800244 754435036 3955537036 187383927
-1419423780,1084602359 1741021722 1505928280 3673014182 4235829484 95061625 2442645283 1325042066 2354259889 552686696 1417930931 3161434996 2615721365 370451063 939364046 3705876954 1865207745 1394896327 1622037677 1503517875 1762521462 1474309845 2814192697 1445820524 3186589566 660144483 2878945881 441814828 6941167 705661752 396478584 3578298628 3512357259 4140301246 3046201277 3369354257 1848651942 1510798104 3031574388 259831208 2269849993 3892832138 981244440 1018819627 1738754396 681219745 2585678579 3732721577 2703174925 615449287 2953099360 838974568 895832538 2305488974 448676621 2776567522 2329324806 1387849986 1927107595 1885776015 2828744482 1857985857 974085606 2219919748 191661856 1120137253 1304227508 3969260761 1957749285 3182833252 4206300929 3022809854 1376745282 882787831
-1416842032,4136385770 959243663 2795929444 2101810388 3488779034 740875672 304964468 894829625
-1412641391,1645953793 236560165 3835188819 525960636 3016847846 3951780197
-1411963005,771676713 2529072432 955398943 602394192 1361307272 1497764698 519705421 1921897790
-1407332964,326664129 559618821 2806565970 635799819 2459850460 2585323353
-1403195979,3867936283 3456202488 3314397440 2000635564 347939435 3487719716 1841145872 1402201473 1407500515 2328940765 1126679093
-1398770390,1600413013 955398943 4058829330 1401946527 3499428374 1958166234 3175914811
-1398712926,1462062430 872878580 1037047814 3501206680 2224774231 2893435883
-1392242838,771676713 2529072432 1361307272 955398943 349771745 2610494844 2680781138
-1391432322,2917794701 3692510693 3246757761 1734883207 2601768593 3420542143 2373658545 490571154 236295067 3429958607
-1388529698,797638314 955398943 1361307272 907302600 226807427 2643833505 274750357 3868972599 2401458775
-1384960578,3276213471 4194316975 3916858862 2980258101 3415281246 782675480 2805037878
-1383764105,633974618 1850316618 1311237184 2163806924 3634298859 3322294869
-1379253670,96095826 1554293568 2586592033 739813844 2869061731 976975428 2293768387 1297314311
-1368068443,622003251 87962584 3797841998 498238691 130493588 3199229320
-1367726263,3389640666 573293150 4176400762 1517488130 2312158323 289509329
-1367195169,2279381833 1439846975 199858305 1532377761 364572656 1390707377 4142334594 3776079471 27733025 2739422201 4133838235 1611840162 643346765 3180988532 2894128040 2324148858
-1364336038,1114350408 2806565970 3263097785 2195745382 2740052708 494693063
-1362866540,1635880727 1238533876 3274210826 2213514822 1641491432 3612574786
-1362089840,4231641706 3400311907 833872022 3769851269 1630022509 179400585
-1358032303,516796945 1269035551 782683695 4080944038 268233790 2007279414
-1357031138,2153037761 622003251 2085386112 3982727529 2604206550 1194159142 498238691 130493588
-1350994929,4125420656 4203627753 2168553474 899234866 2428145712 1812117472
-1349247437,3369927458 2145977549 3384785057 2598678508 3117416613 795158097
-1348881564,4089322861 2005419859 4209606131 2840088969 317243602 954775945
-1340426889,1200696517 1132260675 641950279 2038842201 496369519 3696762643
-1338180581,1771420278 1952280227 4155317680 630468109 2625865426 2240562688
-1337442137,877025255 3979329642 4207645588 1859435186 3507025494 2006849293
-1336514226,3321054057 3149756569 2703254873 201681061
-1335094528,1205670273 955398943 1600413013 1532377761 3632072502 1044854627
-1330876765,740269154 406031080 4125420656 1820029797 3251813967 675888033 4203627753 899234866 679700922 2428145712
-1327503066,3978034285 1850381877 1455527953 1868735086
-1327226189,952519340 1076364848 2149464820 1203717384 3776957253 1269035551 1902753965 2007279414
-1319558471,152418051 3509100603 950466784 4203627753 61186519 2352676247
-1314206401,642644408 4279704370 126225732 2740039921 2005200739 264093631 106082174 975368365 2519340525 3085508457
-1309407638,910169576 2073609284 516796945 1203717384 2149464820 2007279414
-1303869324,2135167144 3221466050 2123370960 3420008322 3173485121 1718780095 3173485121 916627849 3420008322 916627849 1718780095 1680827969 1680827969
-1301422536,1877217637 2974043284 2354817832 2244851506 336832383 1834242831
-1296281133,2365712171 2393713696 1977103360 4198665344 2355223552 804412705
-1294157728,1616971251 3417522749 264729502 724467061 3505444496 1010862872
-1291549104,4242791241 4015512775 2739214482 2141807420 2913463627 3936430504 191855551
-1289641559,3216437587 2072093039 1865278837 3961964887 493625429 2542056792 2542056792 154699280 4171466007 626898203 2764949662 4171466007 1306811865 2457826459 3673272503 2602634903 490655491 490655491
-1288534084,1205670273 3388135408 2033272792 3572755662 3929507420 496131340
-1280276858,952519340 1816813281 1269035551 673098017 3309338938 2007279414
-1274981857,910169576 2498491194 1451401793 2073609284 1203717384 2149464820 2007279414
-1270439260,1860786983 2119976630 585151978 1497894009 4060350890 2038082048
-1269110581,3813752623 4197279783 2761452754 1068825763 2531209279 145185489
-1268670312,1076364848 3849306291 1844176380 268233790 1269035551 3048578499 2007279414
-1267260146,2803195749 3811447746 98978060 3192244285 4140154751 1914791953 55674797
-1264978718,2925844380 1896396447 1396198787 3563504832 2415683963 3992740948
-1263656289,651174684 4275142194 2915423024 729986603 2287755049 3753161356
-1250018583,955398943 2529072432 602394192 771676713 1361307272 2522610844 2610494844 1704192379 1770070953
-1248371752,4250274626 2532930501 202956573 4082754167 2872459265 277703982
-1247148291,1084665102 3494778844 3245999872 587887631 1841881977 3717837762 3351523181
-1237081043,238183057 3018152861 760605611 1629607390
-1233748100,715525781 1783542538 673411331 3458414023 3903656386 1455527953 1868735086
-1232155806,2153037761 834360181 3698756944 1349844435 1462902079 3289683998
-1231396443,2418142030 1203717384 3849306291 1151525474 1269035551 2007279414
-1230825761,578495480 2681949096 2069779941 4218422552 4240012169 199015496
-1229322144,1488068589 2913407142 2806565970 559618821 1184964740 2307150378 1529554640
-1218623020,495530799 1530777040 1299853275 372148582 1234490218 1198822517 4085032789 1198822517 4085032789 3628832108 3671241403 1299853275 3595820764
-1213164857,244999119 897667289 2596874575 666792166 1577425467 3528246788 1042064537 520433121
-1212205364,753153584 4242876457 3558194197 1744642459 2063114096 3922547783
-1211850316,1076364848 1203717384 2149464820 3849306291 3309338938 4080944038 1269035551 2007279414
-1209314147,3982566776 85767366 2893363609 1682999037 3317052947 3583375355 4087184760
-1192909483,955398943 3358064160 2145727940 3276213471 2067543712 3466523662
-1192146385,899234866 1501679119 1812117472 4026815644 1597380017 823015621
-1184610341,1065552764 1852447647 2828969498 2806565970 742296592 2876844499
-1184485114,2130616732 633659090 2643833505 907302600 1692359541 97217712
-1174457442,2529072432 955398943 2412834294 1920497477 385934286
-1165188109,843844488 2183849299 4182255726 3163090701 617316572 1596190412
-1161841265,1361307272 2453174300 2529072432 4025174474 1486542415 2401458775
-1157694593,4211366080 2997875645 1040771467 406602676 3522246891 2508140005
-1156466892,622003251 498238691 834360181 87962584 130493588 731731924 3199229320
-1153779276,2529072432 907302600 2610685768 633659090 2389263741 2401458775
-1153696553,952519340 2073609284 268233790 1203717384 2149464820 2007279414
-1150250469,3542981925 2112902965 1031988530 1355891623 2964650855 4127849475
-1143899764,3776957253 2149464820 516796945 268233790 1269035551 2007279414
-1143594849,315405402 2374455326 2283823291 576659612 2913860360 2107176778
-1138708585,1548928340 1448086840 2628680570 1170338316 2286155514 3480624055
-1138686733,952519340 1076364848 1816813281 3103100779 2149464820 3776957253 3849306291 268233790 1269035551 2007279414
-1138316768,821546192 1133385189 2856475163 2332683796 4198698180 2303517156
-1134131373,2498491194 952519340 2418142030 1844176380 2149464820 3048578499 2007279414
-1124914870,1022472347 1911033753 2217127009 2136853395 392819357
-1121831109,1076364848 2549322104 1269035551 2445964998 1902753965 1465929077
-1106307868,2130616732 633659090 955398943 2529072432 907302600 2822187055 2822187055 642644408 2168332178 2168332178 2935869426 1332759137 642644408 2168332178 2390991047 3276213471 263253434 263253434 2401458775 3478765131 3478765131
-1106237080,1041499194 2865762984 1739123656 795501645 2594244407 3358028399
-1096646436,965094203 926605391 3667338776 1068825763 1639958590 232148793
-1095281660,1776393554 1765678116 3462111166 1964407998 3311162737 1699561506
-1095123352,1301205843 1297873285 3539439890 3094003586 2164665174 3584264094 675692005
-1091750011,832111597 1063306856 1205670273 1205670273 598637776 2711413648 1256438825 1608616656 3842730088 1061745506 1608616656 1061745506 3842730088 1107282026 1437024757 1107282026
-1091373366,2498491194 4244463632 1272961219 1902753965 3309338938 2007279414
-1089942329,2153037761 3716263 731731924 2465528861 1306613841 1767325091
-1083788266,1076364848 127757681 1269035551 2642707561 1465929077 1902753965 810618772
-1083308218,3755985706 3413747696 19066266 1106485422 1482977591 2460275226 3125637601 94390648 3536738287 1073011186 2247712885 3974790590 3316725232 1320937087
-1082206363,2651254812 1205670273 2886180176 3388135408 230117918 1935724864 496131340 3254991059 574261812
-1079768551,3182116763 3305670037 6745734 2675605891 2874847602 554403005
-1078763673,1969907111 2333818729 3081148851 1304281836 893326926 1243481310 772318802
-1074126078,4225875840 949085150 3151646514 2855520649 777926482 2328414150 2225155651 1812224114
-1073422076,494609171 3574237758 2998423233 2699966806 1814593210 3873074356
-1071051942,2485173442 2350143315 1491291821 614606641 3036332464 785175041
-1068730910,719337372 1600413013 955398943 2529072432 1390707377 1532377761
-1063796682,1205670273 3929507420 3830416827 4203571618 496131340 574261812
-1054743313,2498491194 2518909170 3950589515 3849306291 1151525474 1203717384 268233790 2149464820 2007279414
-1050538913,1701227599 1568656668 2363285172 2464117384 3501931364
-1049517918,1269035551 2445964998 2007279414 1465929077 1902753965 810618772 2729267396
-1045974823,505206311 2324380948 2103350077 229397491 869878857 3966531125
-1039954248,1203717384 2149464820 4281214635 4080944038 3309338938 2007279414
-1037193760,3276095034 3392266510 2041845174 4165471135 375657807
-1033431493,1816813281 3103100779 952519340 268233790 1203717384 3309338938 2149464820 2007279414
-1030498278,41252927 4074266568 4258255746 2350143315 2325254433 389608207 1691642619
-1025469987,4060218920 3890305464 2825765070 1939242815 937839032 4091983060 3196423475 2056583312 2414261475 1491291821 2136947347 1065083553 1284947746 1189079895 567527059
-1024333806,4244463632 1272961219 673098017 3309338938 1269035551 2007279414
-1023940065,4125420656 4214464123 1501679119 2624001814 1300373544 110357109
-1023894357,3040173206 2753787047 129433063 2689295221 776270146 361570611 1127616954
-1019516881,681532729 915339846 2167282999 3312755383 491118104 1494587743
-1013076935,3006554485 1203574711 1939373766 94512525 3572612838 4034045801
-1012488819,97217712 3643004825 1619013260 4267083677
-1010746127,2643833505 2130616732 633659090 907302600 1332759137 2828937719 733567972 3868972599
-1007683378,2130616732 2643833505 2039358442 771676713 955398943 1600413013 263253434 1253059865 3276213471 1491536345 2633697384 1926323783 3085508457
-1007047302,2024846810 4179053211 2682191451 1900367007 3904594201 1829771929 1584909205
-1002962709,3481660815 1947512427 1731351853 2493350916 4032059949 2099766081 4198989765
-998783224,1076364848 3849306291 2149464820 1203717384 1269035551 2007279414
-994960726,553125617 915403718 1776393554 1620415785 3390105219 3930077968
-990999532,1586958576 1446467556 2094504098 238236954 1078728855 3568477429
-986597968,955398943 2613114347 997119679 3981414613 3410736122 1164494804
-984248586,741936389 915403718 239276659 2748209109 3198469416 3643004825 979018642
-982065681,739610511 3033485944 3851327907 3822325901 1646922764 2538610936
-978043994,1076364848 1269035551 516796945 268233790 4080944038 2007279414
-977624205,2066686477 3267443839 148260876 2988714006 897030494 4224695215
-977534477,3479915003 2557676844 3344451900 2146934064 696974056 3674045729
-965729129,401945277 3323634350 1759424406 1882674933 3429610508 3136211868
-963271949,1532377761 1390707377 445373500 3873822688 3934491209 732598129
-958805055,2725806125 1510397833 4218102720 2044297478 2141807420 2794180407
-953746892,3083954869 447529362 875838968 67012143 3506402701 3906315254
-950464454,2290513865 1495214616 219359052 1581051040 143166460 3427581706 649028999 1155541225
-947891595,3429508261 2828937719 1620441934 3868972599 1604908519 590155292 3186605940
-946861004,2054163586 1986950405 3570834350 3935738455 1929396336 2902382716 4164547146 517667357 3906525090 1080902962 1405185826 3303531339 3668618395 3338921398
-945689519,1076364848 3084982208 1465929077 810618772 2729267396
-941141668,3376874101 2788558897 3347318178 751257786 1699561506 803416244
-936275978,1641491432 2529072432 955398943 1532377761 1390707377 2776566965 714391510 529297758 645163767 752522970 825525529 986099040 3354053703 3632072502 1601916220 1910800345 3565637257
-929220179,612496662 2337560536 1773363754 2218325768 1370824124 4095072803 2398136361
-925331986,165954795 749859087 4292094603 4176548681 2583998307 2038842201 3769851269 3199229320 3790866767 1767325091
-923369034,4173740423 900991530 98978060 1860569646 4218736701 1255629030
-919702056,36941495 1389265162 1609864127 2227570794 1456220611 757155672 1903444229
-918672197,2234892318 767771854 3505087357 2466290510 4229279075 3106977684
-912865440,1374554188 3613369719 4144714322 2273436459 272372820 2980178978
-910639743,1076364848 3776957253 1269035551 2445964998 1902753965 2007279414
-909968519,2897294049 1875566296 334681152 3444400392 70239777 1038016517
-907589588,16744769 3128414020 159721752 1319886393 2203480307 378442814
-905427855,1076364848 910169576 1071582440 3776957253 1203717384 2149464820 1269035551 2007279414
-903718552,741936389 1253059865 1448857745 1447796967 3747915720 1053768644
-901897468,1940265937 1370289455 236468864 2232765899 2007279414 1116957623
-901578821,1163401947 2421610059 191035332 573627113 2028588738 680270887 680270887 3927912292 3927912292 3927912292 4145665238 2055996347 4065600923 4065600923 2055996347 2055996347 2416695503 2416695503 3089090466 3089090466 3089090466 2416695503 3478396816 766696037 3016407585 1153082957 3893181671 3893181671 766696037 766696037 2322243932 2124576111 1379671569 1379671569 2322243932 2322243932 2710326975
-896893012,432884667 1951496954 3978187960 1341096506 4035948758 1907768249
-895596820,2073609284 1844176380 268233790 1902753965 3048578499 2007279414
-894217547,881346279 4203627753 794450376 61186519 3984042837 823015621
-886156752,2130616732 907302600 2643833505 2437956447 633659090 733567972 2415873572 3212746272 3434717258 2645301517 1494513322
-882673965,2403467034 2936286120 826688620 634388536 1879855497
-873940997,1386351230 677512784 3130403537 2325712717 47566099 67648066
-873480464,2979828712 1771863286 3712322311 188836861 2092805628 615488222
-861043987,2145977549 264093631 126225732 1693226702 1504654993 3183605169
-854197071,952519340 268233790 1902753965 1203717384 2149464820 2007279414
-853700485,1672345363 332142007 3146118530 1229923070 273902811 2492206995
-850349216,1896396447 588161010 3395117104 2628680570 111192850
-850180911,2102453106 1584496408 812516824 1359628311 1159725056 1012343640
-849692437,2149464820 3776957253 1269035551 4080944038 3309338938 2007279414
-849281056,507816315 2153037761 834360181 3496460337 2245953972 3289683998 1462902079
-845347044,939563341 2633693246 24645215 2398301447 2505798415 807006174
-842638432,2987292356 1705637051 3667790426 2891200198 3951671760 2412857873 1297803954
-840058246,955398943 2529072432 1532377761 1390707377 2405536413 3565166403
-832720701,2645301517 2529072432 2529072432 108328258 3610629096 3610629096 4260484947 1820821749 1820821749 2776357538 18401271 18401271 200218730 2927983479 3472113541 200218730 119655595 1383850843 2119913009
-820933685,1480770482 992561323 1996503357 645163767 2258521927 4210442719
-820801389,952519340 2073609284 268233790 1269035551 3048578499 2007279414
-819201938,1488068589 1494513322 2806565970 326664129 2585162162 3395117104
-819000486,2498491194 2073609284 268233790 673098017 1269035551 2007279414
-818029712,1776393554 98978060 4208530995 3383153497 939765972 3830612733
-814185504,353933726 1488068589 1332759137 196335814 3643004825 1133385189 2920583393
-813797668,1065552764 4005826846 4181743367 1561841388 3779243813 2316176007 3992740948
-813213148,602394192 4083904591 2951510981 426238334 1294433853 2384544175 3773409641 3737370953 3417170518
-812700744,4085190064 4193393034 4139045662 3245288267 4107095208 3561137432 2577247101
-812274482,1076364848 516796945 3309338938 3120715480 1269035551 2007279414
-803162823,543972501 3388135408 2815388669 919637696 2259674237 3744389392
-802655280,622003251 4097011060 163395593 130493588 974024618 87962584 3199229320 2899756668
-801424017,1684807645 450995064 790394508 2252497386 2960270581 1427564900 4005039699 553781672
-797954716,1210122978 2797334400 1509760322 2923173603 4225917048 2091283071
-796416301,3006253484 2244839178 2172234615 1345479227 417621163 2942284757
-791229989,2150760652 771676713 1361307272 955398943 2529072432 134992377 2401458775
-789657972,794450376 1968459057 3144013743 929107951 3281130769 44607617 989190365
-787336517,2451246186 979918733 236468864 1660158596 2007279414 1262111436
-786405773,480878599 2013037725 1628763650 1731351853 496131340 1942642254
-781101944,152418051 3281130769 3499143688 3144013743 44607617 1323913377
-775562347,73087107 1444583217 2923056628 4002702641 311954167 4202744793
-771957861,1396774376 2554956824 3231796370 3954432137 1187251277 3453080253 2650743904
-769330999,4159897186 1013581856 1133385189 4198698180 2977769484 802067141 3073399875
-768039897,2979828712 3480624055 1404500601 2459850460 4140154751 1914791953 2082259770
-767410505,738179988 4002798045 48571141 3819567837
-758704973,3343378163 3184899378 196887723 2655524220 1361307272 2390991047 3009383497 398208897 1752177173 4249304663 156491367
-757298636,2498491194 1816813281 952519340 3849306291 2073609284 268233790 3048578499 2007279414
-751349077,3591208524 2235916835 2452717343 2672468932 3358183178 130493588 3199229320
-745107079,3632129790 3059491867 3218113289 111299360 1180929461 3368128234
-744134366,952519340 1076364848 3849306291 268233790 1269035551 2007279414
-741355312,3561051213 2455167579 2814227130 1738737666 794263625 1916128709 2056583312 3615948366 2090625059 4198664351 2225744416 3088888923 3919221338
-737977664,2133183406 1361307272 771676713 1600413013 1600413013 602394192 955398943 2529072432 3037314453 1921897790 684002741 3166270937 3985899647 2804196261
-734756355,3276213471 2237079226 4259189014 282104363 1926323783 186373638 1626548920
-732313933,4125420656 4203627753 899234866 3481603259 679700922 2428145712
-721413855,892071473 1549888368 2808562851 2595545555 2050237599 2519340525 2047901365
-715306763,800177463 2788751731 2788751731 631024855 1291141020 3231677093 3297564047 3231677093 2367684478 8689602 1873976153 3517746814
-714838844,177094411 3429508261 2415873572 1918177304 2534753543 2401458775
-713131636,2529072432 1527128646 1390707377 863669353 3732169617 185968523
-712963077,955398943 4194316975 3083179290 3276213471 1926323783 3376318184
-701679954,152418051 3509100603 2790605371 3841472085 794450376 1859823732 2352676247 1610359399
-700795597,1076364848 1151525474 1132763322 268233790 1269035551 2007279414
-696416331,997119679 3981414613 1536783222 508361018 1055406820 2611696870 1077926551
-695394626,1869360186 3619906013 1302290522 1002527123 2625791867 879365424
-693797575,1795425572 1163805498 2104725357 851424323 3225637143 1679460211 1581474492 1286933492 785490220 528541191 1659248815 706761589 2473947326 671361248 176937568 293298838 173841577 3684638133 2864999250 423805107 3065441109 404076498 37025173 124610391 2331092173 2837083684 194996067 1778085609 3732784795 708004717 2074898020 3842924038 2739960670 2082195127 1333077999 2919758612 3049491942 2869632905 1278199678 1595739973 162998950 96890078 850932284 3590821297 1834275501 1803931557 510692114 2676714275 227076136 3955527462 1239204675 3572215281 1295658867 1077901228 2502282771 154434302 879735388 1908645599 3863898170 651174684 1297186432 2934010632 2701666228 1706981584 149617085 447287460 3538261110 19969040 1401073045 2766617713 421512847 2251454797 3831661369 1428713275 2531947768 2411303936 2366491666 3825878532 1050017180 3216854901 2297884984 2370228216 1049842818 615258122 748898602 2237304267 3986539073 4113209764 1146909088 1006504281 1426072738 791501799 3294243397 2560867051 1070962073 2728880989 2190420402 3595921749 1738149624 1218003893 532334247 3036332464 4077329597 1235652015 234679235 3198554611 1783630773 768761099 214416 2170473823 2407639356 3571682678 1711604318 778468524 774093053 1467610412
-693367507,1087635781 1952025239 1434430305 3505302995 3234297562 4004973596
-692067010,4244351035 2529072432 671361248 955398943 638795273 3890406080 3865710792
-691960662,3426952204 4154677177 1822642771 1218703283 4179630573 1212611096
-687294864,955398943 1390707377 2529072432 3858223520 221202458 3838044081
-686232835,1425625542 893326926 2836986814 785309813 3293166549 615488222
-685911384,4235689748 292137502 3915366470 803377467 2421809173
-679669883,559618821 3802505698 3385455424 234197631 3104408471 2806565970
-677530427,1332759137 705007381 2814323926 4200394007 740982915 2489624476 1242409753
-675981964,2180806657 4101380050 1190045109 238152389 3328077853
-672941022,955398943 2917794701 2613114347 2505123910 2856764723 2163214170
-667395533,3849306291 268233790 1902753965 1203717384 2149464820 2007279414
-667330564,3258357208 3463560786 353933726 3094078712 1189597031 2639741116
-661860882,3275248026 330661817 3838044081 3130359578
-659031664,4211366080 3127485387 1506044723 1247327810 756986165 3204104078
-658242357,2643833505 2130616732 633659090 907302600 97217712 1692359541 570808303
-657897762,952519340 2418142030 268233790 1269035551 4080944038 2007279414
-654123303,1301391714 269488834 219749984 3951849347 1290394920 197633139
-649264261,997119679 721524089 1010938434 899668139 1960269366 2917794701 3476682149 4023958283
-647188718,2883538293 619118259 958066738 3907813032 3627341709 3258403412 3262917103
-646345736,420747759 1630490032 842158884 1901601017 3900669533 1039136952 2254075965 1441500112 1039136952 2172580817 1441500112 3060424968 653272317 3123869396 1218174058 653272317 1218174058
-639601579,2498491194 1902753965 1203717384 3309338938 2149464820 2007279414
-635545935,98978060 2621503414 2398475187 3462111166 2219144892 1902921043
-633255810,897667289 3901745148 4163567434 568700686 2980258101 4000859550 4277739075 3224830038
-630702314,1668498113 122122393 1257091773 486178085 3337001263 2221236651
-626524886,1076364848 4244463632 1203717384 2149464820 1269035551 2007279414
-623938657,2695471827 1653016455 968373357 3022999116 233476316 209332472
-617355122,2643833505 907302600 2130616732 633659090 3770119781 407061424 3581275802
-615862137,2331932256 3003433560 1409742519 1945008302 3542075399 1630022509 1306613841
-613386566,3802505698 3385455424 1148695493 234197631 491131434 3098644886 2187775241 1159701801 2237079226 1521679232
-612816071,1076364848 1203717384 2149464820 1269035551 3048578499 2007279414
-602325365,1448086840 541584645 3807386691 702639971 939765972 2628680570
-597323592,1600413013 955398943 547383999 642644408 3841242017 3276213471
-585326657,3505158996 3631560512 225430306 697614185 679660942 1756585612 4223224507 4245127010 2616716533 2264787329 4200141982 1202113718 2802727034 690143024 2212344171 3924069304 193342496 2450647909 3264874695 3925067644
-579316535,4058829330 1667438718 1526997112 3875955172 4277739075 897667289
-572744687,3686190194 788691166 2319080380 2235166615 3686935155 777525913 1433428460 2411750404 1452524777 3311537362 3288709643 2043006756 2709751077
-564852729,1628013431 268816201 569253671 2539912275 3400838699 2973911742 130281276
-563610773,3509100603 152418051 2790605371 1845786756 2668074570 2352676247
-560144905,3247053834 2331094235 1728146251 2641028377
-548175063,1392829984 1849279315 3789029184 1838843061 4002798045 1271330281
-545880120,3948658168 3913757674 1826801459 3045260404 1347399160 2849940433
-535670560,1863639098 3924788609 2505738116 4108357970 3465367492 1003080943 376593949 1551106149 3695348432 2382175616
-531236257,641950279 834360181 2465528861 2695416532 3790866767
-530094498,2828969498 2569748465 699622003 2766425759 2806565970
-529453713,4102873083 2346511460 742383430 1086084992 3052123229 2151223317 782216525 2961237514 2006849293 1565715575 2056583312 1470185288 1582367689 1582367689
-525491421,1205670273 3388135408 3830416827 3849412776 3221268576 1011767003
-522922509,2447304290 3289683998 2465528861 3790866767 3542075399 1306613841
-513011274,1600413013 955398943 2099424186 3735036412 2849228266 3676729604
-509851712,1404721754 193057331 2243576360 3905629542 1631274105 564859972 4244145378 892522920 2594774265 3097220122 1655934860 3601961332 3097935103 191858278 3491741350
-504376268,3203913218 2751347631 2806565970 559618821 2187775241 2536189879
-502978058,1270020700 4105510328 1269035551 4070745483 2007279414 1262111436
-497430095,1101173078 3447361158 3820418344 1587393206 771602479
-496258996,834360181 2153037761 3483869180 254046741 125579007 2798291665
-495228792,719050114 643876571 734755850 664032564 2690882078 1515079649
-490598334,4115436468 354604902 1033209626 970316639 2415873572 2629437499
-486912027,4192032295 2517281835 919376574 2005730896 1985745362 4250815350 2355213982
-484223337,1488068589 207321472 559618821 239276659 1428413928 2806565970
-482973964,926605391 1241270051 3807386691 3096327312 1890076844 2631368299
-482368862,1544421101 3289683998 749859087 1852872937 2824024899 2732461028
-479220534,719337372 2529072432 955398943 1532377761 2729245797 1390707377 3938809089 3314895954
-472865894,4289839179 2088291825 2504949294 1909232786 401574569 510692114 1117617364 3818747078 109156359 2842497966 3764273177 3781958177 2464636842 2438796192 1929917726 999690702 656424264 2742796684 2140531785 3838537047 3352368770 450183377 3479440123 3188394122 2812330223 2575566132
-469640242,2397682512 1657604679 3326446571 3533630764
-466003881,955398943 1600413013 3658267924 2618008446 3067222491 3499428374 1222992905 4192218834 2957317168 663120398
-460646639,955398943 3399301092 2856764723 2704261655 716538877 1930033127 1848091116 1129492416
-457587766,2948429494 3247053834 2409382246 4242816413 3654419574 4223173683 834360181 2762356638 3790866767 1630022509
-456929550,952519340 1816813281 1076364848 2498491194 1203717384 3849306291 3849306291 268233790 673098017 1269035551 673098017 3048578499 2007279414 1269035551 3048578499 2007279414
-445384825,1682999037 1217136514 2585726527 3162026668 2762181586 533528858
-444757713,2610561518 1759182938 2059769837 3413988347 3192741670 2389196711 615488222
-439261547,61311521 3654419574 1175893887 3068611618 2409382246 2762356638 3790866767
-438951781,562225265 955398943 1346186680 2757714511 4077327097 150954316 1588294436
-436272480,2105083541 2650542682 2415873572 3074569974 4180045053 1250119961 2401458775
-434996430,3858223520 448070308 1899078555 1592319948 645163767 1532377761 1670218702 2489624476
-432574040,1213376740 111720609 2360728862 984849307 1781301042 410386599
-432155622,622003251 3764379733 1645469702 130493588 2934589137 3199229320
-430619385,2993747793 1269035551 472699259 4070745483 236468864 2937515293 1262111436
-430281445,681532729 889795193 915339846 899419077 189330061 3753455739 3948250480
-427090052,511212213 1733693317 1456960446 1759571467 1303026980 2621503414 1675633781 1281308366 3480624055 1530694090 1776797476
-420363349,4133786107 2379950964 3928440935 3713203333 719337372 3565166403 1350673245 2215781394 274750357 568700686 1993111201 2776357538 2420516619 1205391785 2202466244 1360334065 3216974136 677485601 1580455386 2017478494 445373500 2420097863
-418511412,3439001309 3294725848 2342796321 2579139880 2612400653 4107954742 3278814103 829789151
-412182713,3307793700 1712704788 3070286690 2044667813 3524326927 4045413981
-408350517,1626682007 4112668226 2533741133 2310683673 3425417232 727238905
-407067907,1753679456 861118590 955398943 1600413013 2529072432 2355400133
-402206615,1361307272 2529072432 907302600 2130616732 633659090 3976993681 2401458775
-397247262,1963822399 189449283 1051361796 2364828261 781765501 1775649973 181332418 376720958 2683569441 783449115 657063613
-394728880,955398943 2529072432 1600413013 1532377761 1390707377 3632072502
-393999618,1205670273 2129137851 496131340 3254991059 3859392573 1800328029 1171754345
-392558456,2490233992 3302719635 196335814 2186245955 4140154751 970316639
-390018694,522428664 3581275802 266584418 2401458775
-386723900,2938074786 3222393526 1867689034 626269042 1641436512 826943401
-383144933,4260484947 2776357538 116503895 3027352986 3242928083 1383850843
-379053350,4103733932 553840202 4198728308 4181743367 2585228502 3992740948 627006212
-376592628,2270126516 2581630727 1802730644 119933342 3516104940 3437357998
-373986691,1488068589 228340462 2415873572 2913407142 4267908091 1133385189
-370411005,2529072432 719337372 955398943 1600413013 1353090755 1390707377 1532377761 3632072502 945627510
-368753420,2326070806 2034155627 4030742178 3231944809 3479309219 161101879 1177314523 1876322819 3288255289 3722349660 1764159783
-367331662,2153037761 2115491671 2150848115 2465528861 3365249126 2314435352
-358382098,177677110 1547038759 821546192 137663137 3585531671 218221722 2589709809 1865069375 2357122965 2047026922 4198698180
-356974593,915403718 2803195749 4140154751 1914791953 196335814 1036961928
-355689401,952519340 2073609284 268233790 2149464820 2007279414 3048578499
-351067469,635799819 2822548338 2757355954 1973916091 616825218 546889678
-343930839,4234138929 1652798666 863159725 3390709812 3155836085 831772458
-341162170,1704179171 3681999765 2030801280 2806565970 3501509607 2120779072
-340458767,78250244 867154832 1486124986 2713053749 3670952162 2652939428 438305330 2587616435 910169576 2498491194 2073609284 1902753965 1269035551 2007279414
-339994576,3559606266 1198964954 1884840556 3921661072 516701061
-336266225,1205670273 3388135408 3929507420 496131340 354306787 574261812
-333360860,1786302939 2883057132 55735397 1058195960 2987663094 802067141
-330110691,2529072432 955398943 1532377761 1390707377 3565166403 3632072502
-326858657,1733693317 1882883713 2638434295 1948602073 753115138 1551444463
-325521371,1136509864 955398943 2529072432 1600413013 426902061 1532377761 1390707377 1832462541 3632072502 3334213373 1044854627
-324904371,3256009463 1241270051 914641836 2642068464 2448320909
-324490090,40927922 3413431385 543299546 2527738096 2076577222 2040900733
-323116446,2858620128 2593938531 1212862610 1711830550 2748187097 2660812160
-323103652,1205670273 719337372 2793561755 4203571618 221202458 2763790767 739312213 1092072561
-321561210,4218995601 1184803349 1442346822 3864895062 184363884 3512407626 2283367091 3907223405 2492433817 2117342476 171442317 2208100090
-315751322,504692311 2072791410 1566051430 3931332882 1959421009 1786607352
-313849353,1241270051 1301324128 3803550665 164649836 3681819698 902611522
-311842422,2923175068 1776393554 843570927 2902086072 4082601014 1133385189
-307282663,3858223520 1205670273 1714112785 746576079 1061745506 354306787 496131340 574261812
-306869807,1453975484 1357264754 1321160135 2025354188
-300760696,955398943 2453174300 1600413013 771676713 1361307272 2529072432 2039358442 2133183406 2643833505 907302600 1148012652 3868972599 1692359541 2401458775
-297987334,2325481526 559618821 3349548561 3929337192 4253071998 3218719992 2089971323 4103733932 410842839
-289866346,2409838112 317875697 1638732545 2534647052 1970105932 3616152803 3810389384 549264882 3822573570 4019176098
-288863786,2458828183 834360181 1303299495 242817146 3289683998 440098296
-286355932,3720373392 1123107265 2489566262 3397711333 3508318746
-285470319,116153421 1895424743 4265093803 3738793886 835265617 690062686 1656830312
-283619712,723829948 2693999668 1896494031 1856268546 4193697263 4061182012 3431177382
-278264134,819605910 48324615 213117968 3171602353 2811190711 1141817122 1026634113
-276243899,602394192 2522610844 3197825109 3775500472 2251036191 1537309411
-275590428,1076364848 1816813281 910169576 3103100779 952519340 2498491194 4244463632 1844176380 3188180104 268233790 3309338938 2149464820 3048578499 2007279414
-275306394,1838041662 1447651663 3739965483 1655226972 631477501 2163306214 95893840 1364587311 3615755136 2801788819 1692430260 3615755136 2444514266 2163306214 2749567415 95893840 2749567415 709512451
-272680224,2650542682 1332759137 1068825763 2029179615 2429693803 3903656386
-270639282,1548058369 1076364848 3776957253 127757681 1269035551 2729267396
-268311158,2895849260 4053956936 1699663431 4194316975 1693226702 3276213471 1926323783
-267009771,1786302939 234197631 1133385189 221664601 2413462956 1269976478
-264442220,2232765899 2567184413 1370289455 1557343462 941395439 1316988613
-262980166,1600413013 1832462541 1044854627 2612636801 3326303153
-258349834,239276659 1448086840 2942609119 1548902066 3186605940 2828969498
-258090115,955398943 2529072432 771676713 1613979400 4024680171 4136739174
-255927580,3692401116 3806743451 3244133531 2186245955 2597328517 1287148023
-254853882,821546192 1162270076 1741634425 553678266 2415873572 4198698180
-253951895,1144473075 2825324217 3060412046 1080514315 1281335602 2754946744
-252825311,1701917923 698797515 2011450028 303750199 862080260
-250948822,2529072432 955398943 1600413013 3565166403 739617054 1390707377 1532377761 1044854627 3735101795
-249946901,2115491671 2153037761 4231641706 3327259603 834360181 2465528861 1485887263 666088517
-247276777,2153037761 3797325672 1960587441 71532506
-243703889,1766189272 633659090 926605391 4201499448 1133385189 130281276
-243159593,244220291 3766183282 1668072163 4002798045 1838843061 1621538745
-243105000,2529072432 955398943 1641491432 384131721 1728898774 3735101795
-241363905,2643833505 2130616732 1212947698 2645301517 1133385189 2639741116
-237246368,3858223520 1205670273 719337372 317758728 1527128646 252200822 2338976654
-236145369,2317641938 3109242336 3098436124 2162407766 2642526965 2816135493
-234587770,1466528489 3327788367 3828664529 1810747729 672757840 3879292193
-231783267,955398943 2822187055 547383999 4194316975 3276213471 3358064160 1133385189 137663137 2374444123 1926323783 3183605169
-231163134,2714416274 585557076 1988027954 4228034043 4161277523 1269713813 2920432087 2980765180 3685272327
-228427497,4171376437 2556346032 3243169434 636178997 3431779223 2396122429 3013514096
-222255265,3279064953 3899853175 3320505228 1128274822 2700038507 130493588 2763980267
-216029883,3040691375 1682999037 1342847040 695330828 3317052947 67648066
-212041962,1162270076 3704285397 878944665 3123256869 822336495 3581275802 3617812300 40477420 433929966
-210247817,1548928340 3712568774 1776393554 1159701801 4048637880 2980865661 380338457
-209879172,851710635 2648833412 936471095 3273774165 1294481466 495876188 2567308538
-206755957,1076364848 1203717384 3849306291 2149464820 782683695 1269035551 2007279414
-203163155,1272700922 1416418718 2814929505 3526046417 3467552102 1811021363
-203159994,4220800520 3699486500 424532519 2183041548 570504601 3961121565 1097502776
-202918473,466507834 2566624511 118274123 1371443324 1921275 239158323
-199908271,903020933 783604783 3311545292 590488063 1004501613 3469133902 3462970646 3274802131 4283392525 2627080752 1372188915 1180225343 2551484859
-199501812,172445691 855637924 814858005 569616021 1748933278 2130383503
-197249436,1257452850 1568177677 366046929 1549996522 1309770679 3816215146
-196904195,1910729773 2207730512 65641389 2018091364 959032583 3364101550 3566218350 2777886967 1599264944
-195527918,1076364848 1816813281 3425809914 268233790 1269035551 2007279414
-194846430,1025760152 4157146163 3752251002 1671887548 1414217450 526306322
-190038903,3874059726 1401946527 3150441220 1958166234 1521370885 2002132690
-187101392,1178194459 230117918 1205670273 3055371642 3234409400 2795264631 3708234991 4203571618 2650490227 4014308675 1076082442
-184557800,1361307272 2529072432 955398943 2643833505 771676713 2130616732 2425916002 2401458775
-178142692,3149276646 3970983262 4231864079 2901172638 2029812325 2763545469
-172848599,2970567256 4144150179 1212947698 2677302867 2012765486 329123657
-169352516,2529072432 955398943 1390707377 1532377761 3593742314 3632072502
-166880047,408474887 1019287013 2131729510 970156857 1769821149 3381519000 1752177173 4358089 3506658662 245410232 3695021985 1992413107
-166751128,1076364848 3103100779 1269035551 268233790 3309338938 1902753965 2007279414
-162810388,1600413013 664712104 1248215207 3276213471 3183605169 3175819236
-158712030,965081035 2153037761 2167424624 4242816413 3797841998 2424001534 305204245 3327844721 1165693561 130493588
-157967469,383607907 575808855 3357020670 4203627753 2428145712 739161736
-146310353,855350354 1995510429 176859368 3031347403 1454534917 959843439
-143830655,997119679 3981414613 3417330881 275352720 2606660601 1806509997
-139402360,2368889606 4199168774 1434113959 2957616847 2480831686 1190068601
-138375493,3992122471 2522610844 4193610911 3928351581 2272220944 3738629021 2284016273 1968332736 150954316
-137585728,1600413013 2394399969 3378996021 2867164384 3565319586 3412268845
-135772194,771676713 1600413013 955398943 2529072432 2133183406 2643833505
-135508267,791860627 69856756 1163018914 3006485407 853521105 2911148851 1885710913 4155393875 3998990762 3036332464
-135010718,4186927293 3281762985 2144300585 827158470 645584065 4033875000 1992296647 975348767 2266067078 975764373 41642879
-129457512,2153037761 4242816413 3289683998 2824024899 1613671569 1217440720
-128673231,3860330975 1104384354 2651254812 1556381686 1009925402 3600661659 676728856 495087397 2912638473
-127013041,1095332232 372148582 3607327193 301445362 1128628470 4037098467
-126555923,406835364 3203913218 4126704525 2167075374 3846588922 4097892803
-125866957,3512203405 88914867 1358970067 1963825952 2147100185 878030041
-118595142,1844176380 1076364848 3849306291 268233790 1269035551 3309338938 2007279414
-114903030,2102453106 714156115 2180806657 3297792743 3099686443 3862966754 3380687062 672648599 3099686443 1712704788 3389359282 2629758096 2629758096 915985831 964890973 2658555390 2658555390 2422997693 2422997693
-113145436,25999604 1265323263 3989198693 3684713379 2891447107 806275357
-105085615,2020109352 733261478 3617093280 3194375850 2175507356 2576482780 3879766841
-99126213,598096100 3834889020 1815008506 2460849326 637049052 428097180
-90064142,2153037761 2115491671 834360181 3129691238 3289683998 1306613841
-89920602,2066152364 1327015206 1858523919 3490006930 644094062 4256629324 3633351483
-84835607,1816813281 2498491194 2033068756 2073609284 2007279414
-83357905,955398943 2529072432 2384544175 237409817 2125679242 1769641333
-82449185,2937294106 2582267101 876418285 275352720 3005548418 2746489053
-77576218,1704179171 2145977549 642644408 1332759137 1868937145 108349736
-70436286,642644408 2749606237 4242131970 3420605744 2703431985 3624273144 2359520876
-67337278,939563341 2478234598 1243168462 2196323150 1783507776 1139942344
-66844034,1299746069 3943649656 384605504 735729179 2576801713 4011082942 3853447857 1642638618
-63311010,36941495 3066321838 1389265162 934310455 3064874467 1824709964 1803275543
-56755670,1000481836 3187433814 3594729381 462519665 2725164213 3291760496 3928440935
-53917562,2705756860 3871984634 965094203 283050288 2415873572 755056259 3643004825
-51032631,4208530995 3807386691 4048136503 939765972 4129023810 2628680570 1699561506
-50141095,1198319209 1548058369 1076364848 2549322104 3849306291 1269035551
-49312452,3228219206 617967595 349771745 3234255963 2894635690 1320741777 2452199743 69233369 860629845 3188189145 3187102775 1442089227 1505832167 4246557753
-48879703,1568655302 1017891821 3755177042 2402784975 4130599956 1137082678 350873258 1074870129 3361245766 2224872803 966176695 263279656 2858862969 3113377968 2137154383 1381992714 290711008 401222554 3806905204 1576119037 3909493159 2436352210 3966643350 2456710844 37203346 3396830170 2654849737 2042878904
-48126677,771676713 955398943 2643833505 2529072432 3184899378 2039358442 3741400796 3068274397 1042540981 2401458775
-42948384,172274775 3701465217 3376874101 1776393554 1859702032 856850297
-32413427,2529072432 955398943 1502284248 1600413013 1532377761 445373500 3938809089 3735101795
-25998387,2145977549 955398943 2748538029 997119679 2601678976 2506611075 3465408215 3274361258 124543921 1726886137
-25009372,3697332645 3076674861 1179651886 2721339456 1584032720 1085255811
-16864959,955398943 1969907111 4058829330 1456209040 3175914811 2412032092
-10699586,721082024 2205781579 1888579129 2832529995 3197423454 3851706723 490453571 2529252158 3162166853 1640487353 2955014962 525889178
-6298134,2529072432 955398943 719337372 1600413013 1390707377 1532377761 3802870894 3632072502 1044854627 999665321
-5547404,2115491671 3864843980 2746202243 2235916835 440098296 2465528861
-5242581,3979584962 2652356640 3128167927 645947926 3547653054 2769292935
